stock_code,company_name,market,yahoo_symbol,symbol_resolution_status,concept_name,source_url,forecast_asof_date,next_investor_event_date,days_to_investor_event,earnings_0q_avg,earnings_1q_avg,earnings_0y_avg,earnings_1y_avg,revenue_0q_avg,revenue_1q_avg,revenue_0y_avg,revenue_1y_avg,growth_5y_stock,eps_revision_0q_up_7d,eps_revision_0q_down_7d,eps_revision_0q_up_30d,eps_revision_0q_down_30d,eps_trend_0y_current,eps_trend_0y_90d_ago,eps_trend_1y_current,eps_trend_1y_90d_ago,last_earnings_date,last_eps_estimate,last_eps_actual,eps_beat_count_4q,eps_surprise_avg_4q_pct,factset_available,factset_md_latest_date,factset_quality_score,factset_eps_current_year_avg,eps_current_year_diff,eps_current_year_diff_pct,factset_eps_next_year_avg,eps_next_year_diff,eps_next_year_diff_pct,factset_revenue_current_year_avg,revenue_current_year_diff,revenue_current_year_diff_pct,factset_revenue_next_year_avg,revenue_next_year_diff,revenue_next_year_diff_pct,factset_revenue_scale_applied,cross_check_status,cross_check_notes,forecast_signal_status,forecast_confidence,fetch_status,error_message,download_timestamp,process_timestamp
2308,台達電,TW,2308.TW,resolved,,https://hk.finance.yahoo.com/quote/2308.TW/analysis/,2026-10-06,,,10.44039,12.19992,40.49824,64.31741,208097141810.0,226953329060.0,776572090070.0,1098817937820.0,0.7547,0.0,1.0,0.0,1.0,40.49824,40.75139,64.31741,65.71732,2026-06-30 00:00:00,9.61289,9.67,2/4,-3.4175,true,,9.7,38.82,1.67824,0.043231,60.06,4.25741,0.070886,749220050000.0,27352040070.0,0.036507,1019106000000.0,79711937820.0,0.078218,revenue_current_year=1000; revenue_next_year=1000,matched,,fresh,85,success,,2026-10-06 22:52:54,2026-10-06 22:56:53
2317,鴻海,TW,2317.TW,resolved,,https://hk.finance.yahoo.com/quote/2317.TW/analysis/,2026-10-06,,,5.01679,5.88598,18.60986,23.12632,2854848320300.0,3558819792310.0,10872980571600.0,13988541402320.0,0.3888,0.0,1.0,1.0,1.0,18.60986,17.57116,23.12632,21.46155,2026-06-30 00:00:00,4.06192,4.24,3/4,-0.7375,true,,9.7,18.36,0.24986,0.013609,23.13,-0.00368,-0.000159,10640364270000.0,232616301600.0,0.021862,13898142230000.0,90399172320.0,0.006504,revenue_current_year=1000; revenue_next_year=1000,matched,,fresh,85,success,,2026-10-06 22:52:55,2026-10-06 22:56:53
2324,仁寶,TW,2324.TW,resolved,,https://hk.finance.yahoo.com/quote/2324.TW/analysis/,2026-10-06,,,0.5582,0.53965,2.2394,2.89522,251712148680.0,261736241590.0,943329839470.0,1156619412500.0,0.6346,0.0,0.0,0.0,1.0,2.2394,2.147,2.89522,2.49917,2026-06-30 00:00:00,0.49592,0.72,2/4,7.05,true,,8.9,2.17,0.0694,0.031982,2.84,0.05522,0.019444,934035330000.0,9294509470.0,0.009951,1157619620000.0,-1000207500.0,-0.000864,revenue_current_year=1000; revenue_next_year=1000,matched,,fresh,85,success,,2026-10-06 22:52:57,2026-10-06 22:56:53
2330,台積電,TW,2330.TW,resolved,,https://hk.finance.yahoo.com/quote/2330.TW/analysis/,2026-10-06,,,28.31427,31.27936,108.10351,143.90018,1455552055340.0,1608156037790.0,5448543070090.0,7353310253090.0,0.6318,1.0,0.0,1.0,0.0,108.10351,99.81394,143.90018,127.48342,2026-06-30 00:00:00,24.22605,27.25,4/4,8.895,true,,10.0,105.77,2.33351,0.022062,137.14,6.76018,0.049294,5385735200000.0,62807870090.0,0.011662,7151199360000.0,202110893090.0,0.028263,revenue_current_year=1000; revenue_next_year=1000,matched,,fresh,85,success,,2026-10-06 22:52:58,2026-10-06 22:56:53
2347,聯強,TW,2347.TW,resolved,,https://hk.finance.yahoo.com/quote/2347.TW/analysis/,2026-10-06,,,2.66,2.84,9.41,11.16333,226878500000.0,237085500000.0,791332000000.0,949744000000.0,0.8524,0.0,0.0,0.0,0.0,9.41,8.18,11.16333,9.22,2026-06-30 00:00:00,2.3,2.34,3/4,3.13,false,,,,,,,,,,,,,,,,missing_factset,Symbol not found in FactSet report,fresh,70,success,,2026-10-06 22:52:59,2026-10-06 22:56:53
2354,鴻準,TW,2354.TW,resolved,,https://hk.finance.yahoo.com/quote/2354.TW/analysis/,2026-10-06,,,1.04,1.06,3.93,,41357000000.0,42138000000.0,159967000000.0,0.0,0.694,0.0,1.0,0.0,1.0,3.93,3.7,,,2026-06-30 00:00:00,0.94,0.63,1/3,-20.623333,false,,,,,,,,,,,,,,,,missing_factset,Symbol not found in FactSet report,fresh,70,success,,2026-10-06 22:53:00,2026-10-06 22:56:53
2356,英業達,TW,2356.TW,resolved,,https://hk.finance.yahoo.com/quote/2356.TW/analysis/,2026-10-06,,,0.91259,0.90849,3.62318,4.36402,263236682540.0,268024889840.0,1010589501220.0,1183271696770.0,0.4972,0.0,1.0,3.0,1.0,3.62318,3.13797,4.36402,3.73557,2026-06-30 00:00:00,0.85811,1.08,2/3,12.636667,true,,8.9,3.52,0.10318,0.029313,4.38,-0.01598,-0.003648,961066940000.0,49522561220.0,0.051529,1142443620000.0,40828076770.0,0.035737,revenue_current_year=1000; revenue_next_year=1000,matched,,fresh,85,success,,2026-10-06 22:53:01,2026-10-06 22:56:53
2357,華碩,TW,2357.TW,resolved,,https://hk.finance.yahoo.com/quote/2357.TW/analysis/,2026-10-06,,,20.71114,16.85421,76.98822,75.31133,285945416260.0,273415903040.0,1028270808730.0,1204307541930.0,0.2937,1.0,0.0,7.0,1.0,76.98822,55.21444,75.31133,57.6804,2026-06-30 00:00:00,14.73014,25.55,3/3,44.1,true,,9.4,73.59,3.39822,0.046178,74.26,1.05133,0.014157,1000401790000.0,27869018730.0,0.027858,1203814800000.0,492741930.0,0.000409,revenue_current_year=1000; revenue_next_year=1000,matched,,fresh,85,success,,2026-10-06 22:53:03,2026-10-06 22:56:53
2376,技嘉,TW,2376.TW,resolved,,https://hk.finance.yahoo.com/quote/2376.TW/analysis/,2026-10-06,,,8.21666,7.92412,34.42047,36.67576,152782921900.0,163784082940.0,565838759340.0,678423937580.0,1.0035,4.0,0.0,5.0,0.0,34.42047,30.26268,36.67576,33.86506,2026-06-30 00:00:00,8.06428,9.02,2/4,5.4125,true,,8.9,33.94,0.48047,0.014156,37.58,-0.90424,-0.024062,558267030000.0,7571729340.0,0.013563,705569070000.0,-27145132420.0,-0.038473,revenue_current_year=1000; revenue_next_year=1000,matched,,fresh,85,success,,2026-10-06 22:53:04,2026-10-06 22:56:53
2377,微星,TW,2377.TW,resolved,,https://hk.finance.yahoo.com/quote/2377.TW/analysis/,2026-10-06,,,2.96515,2.58586,13.17301,11.4838,55577006250.0,56730573390.0,218200827510.0,240150727260.0,0.9372,0.0,0.0,0.0,0.0,13.17301,10.96942,11.4838,10.32495,2026-06-30 00:00:00,2.46837,3.53,1/3,0.456667,false,,,,,,,,,,,,,,,,missing_factset,Symbol not found in FactSet report,fresh,70,success,,2026-10-06 22:53:05,2026-10-06 22:56:53
2379,瑞昱,TW,2379.TW,resolved,,https://hk.finance.yahoo.com/quote/2379.TW/analysis/,2026-10-06,,,8.14374,7.54796,31.29864,38.20177,38110272180.0,34093740660.0,146476689830.0,162327560670.0,0.0879,0.0,0.0,0.0,0.0,31.29864,31.48187,38.20177,36.37595,2026-06-30 00:00:00,7.76165,7.38,0/4,-3.3975,true,,9.4,32.07,-0.77136,-0.024052,38.22,-0.01823,-0.000477,148606540000.0,-2129850170.0,-0.014332,163962460000.0,-1634899330.0,-0.009971,revenue_current_year=1000; revenue_next_year=1000,matched,,fresh,85,success,,2026-10-06 22:53:06,2026-10-06 22:56:53
2382,廣達,TW,2382.TW,resolved,,https://hk.finance.yahoo.com/quote/2382.TW/analysis/,2026-10-06,,,7.13106,7.08998,26.72768,31.98112,1099451271230.0,1136650320040.0,4043247841090.0,5348961435930.0,0.4134,1.0,0.0,1.0,0.0,26.72768,23.5741,31.98112,28.26333,2026-06-30 00:00:00,6.10597,7.08,4/4,12.5125,true,,9.7,26.7,0.02768,0.001037,32.35,-0.36888,-0.011403,4081006150000.0,-37758308910.0,-0.009252,5518276520000.0,-169315084070.0,-0.030683,revenue_current_year=1000; revenue_next_year=1000,matched,,fresh,85,success,,2026-10-06 22:53:08,2026-10-06 22:56:53
2395,研華,TW,2395.TW,resolved,,https://hk.finance.yahoo.com/quote/2395.TW/analysis/,2026-10-06,,,5.62219,5.56226,19.75836,23.83493,29567427020.0,29760500780.0,103736700550.0,123165868520.0,0.6129,1.0,0.0,1.0,0.0,19.75836,15.32769,23.83493,17.79676,2026-06-30 00:00:00,3.86123,5.16,3/4,16.7225,true,,9.4,20.05,-0.29164,-0.014546,24.22,-0.38507,-0.015899,103843680000.0,-106979450.0,-0.00103,123137140000.0,28728520.0,0.000233,revenue_current_year=1000; revenue_next_year=1000,matched,,fresh,85,success,,2026-10-06 22:53:09,2026-10-06 22:56:53
2405,輔信,TW,2405.TW,resolved,,https://hk.finance.yahoo.com/quote/2405.TW/analysis/,2026-10-06,,,,,,,0.0,0.0,0.0,0.0,,,,,,,,,,2015-12-31 00:00:00,-0.02,-0.04,2/3,-25.64,false,,,,,,,,,,,,,,,,missing_factset,Symbol not found in FactSet report,fresh,70,success,,2026-10-06 22:53:10,2026-10-06 22:56:53
2412,中華電,TW,2412.TW,resolved,,https://hk.finance.yahoo.com/quote/2412.TW/analysis/,2026-10-06,,,1.31088,1.2394,5.19701,5.39622,61803000000.0,68223000000.0,247382129090.0,254589871520.0,0.0436,0.0,0.0,1.0,0.0,5.19701,5.146,5.39622,5.33057,2026-06-30 00:00:00,1.34643,1.38,2/4,0.5825,false,,,,,,,,,,,,,,,,missing_factset,Symbol not found in FactSet report,fresh,70,success,,2026-10-06 22:53:11,2026-10-06 22:56:53
2451,創見,TW,2451.TW,resolved,,https://hk.finance.yahoo.com/quote/2451.TW/analysis/,2026-10-06,,,24.015,20.235,89.18,63.71,21883000000.0,22560000000.0,78280000000.0,93023000000.0,,0.0,0.0,0.0,0.0,89.18,0.0,63.71,0.0,2026-06-30 00:00:00,26.03,27.51,1/1,5.69,false,,,,,,,,,,,,,,,,missing_factset,Symbol not found in FactSet report,fresh,70,success,,2026-10-06 22:53:13,2026-10-06 22:56:53
2454,聯發科,TW,2454.TW,resolved,,https://hk.finance.yahoo.com/quote/2454.TW/analysis/,2026-10-06,,,15.51123,22.88291,68.24214,147.14908,157163062320.0,208332467750.0,663048041510.0,1170167171990.0,0.0315,0.0,1.0,1.0,4.0,68.24214,65.97975,147.14908,128.87354,2026-06-30 00:00:00,14.42799,15.28,3/4,2.9725,true,,9.2,68.12,0.12214,0.001793,140.96,6.18908,0.043907,661842440000.0,1205601510.0,0.001822,1123239250000.0,46927921990.0,0.041779,revenue_current_year=1000; revenue_next_year=1000,matched,,fresh,85,success,,2026-10-06 22:53:14,2026-10-06 22:56:53
2458,義隆,TW,2458.TW,resolved,,https://hk.finance.yahoo.com/quote/2458.TW/analysis/,2026-10-06,,,1.28659,1.41322,8.85498,10.87464,2433741620.0,2539665560.0,11403032190.0,14741474060.0,0.0542,0.0,1.0,0.0,1.0,8.85498,9.44225,10.87464,11.08379,2026-06-30 00:00:00,2.60198,3.05,2/3,19.98,true,,8.9,9.28,-0.42502,-0.0458,10.78,0.09464,0.008779,12698930000.0,-1295897810.0,-0.102048,14654530000.0,86944060.0,0.005933,revenue_current_year=1000; revenue_next_year=1000,matched,,fresh,85,success,,2026-10-06 22:53:15,2026-10-06 22:56:53
2474,可成,TW,2474.TW,resolved,,https://hk.finance.yahoo.com/quote/2474.TW/analysis/,2026-10-06,,,2.65,2.67,11.38729,12.4696,3144000000.0,3378500000.0,12978500000.0,18332862160.0,0.0068,0.0,0.0,0.0,0.0,11.38729,11.89929,12.4696,12.61947,2026-06-30 00:00:00,2.69953,2.51,1/4,-4.6525,false,,,,,,,,,,,,,,,,missing_factset,Symbol not found in FactSet report,fresh,70,success,,2026-10-06 22:53:17,2026-10-06 22:56:53
2480,敦陽科,TW,2480.TW,resolved,,https://hk.finance.yahoo.com/quote/2480.TW/analysis/,2026-10-06,,,2.25667,2.56667,9.45,10.41,2550000000.0,2599000000.0,10032000000.0,10570000000.0,0.1812,0.0,0.0,0.0,0.0,9.45,9.885,10.41,11.34,2026-06-30 00:00:00,2.57,2.28,1/4,-5.635,false,,,,,,,,,,,,,,,,missing_factset,Symbol not found in FactSet report,fresh,70,success,,2026-10-06 22:53:18,2026-10-06 22:56:53
3022,威強電,TW,3022.TW,resolved,,https://hk.finance.yahoo.com/quote/3022.TW/analysis/,2026-10-06,,,1.77,1.63,5.68,6.77,2330000000.0,2099000000.0,8232000000.0,9061000000.0,,1.0,0.0,1.0,0.0,5.68,0.0,6.77,0.0,2026-06-30 00:00:00,1.32,2.33,1/2,-11.740002,false,,,,,,,,,,,,,,,,missing_factset,Symbol not found in FactSet report,fresh,70,success,,2026-10-06 22:53:19,2026-10-06 22:56:53
3026,禾伸堂,TW,3026.TW,resolved,,https://hk.finance.yahoo.com/quote/3026.TW/analysis/,2026-10-06,,,4.085,4.82,15.0025,35.025,4429500000.0,4830000000.0,16975500000.0,26252000000.0,,1.0,0.0,1.0,0.0,15.0025,13.15,35.025,25.485,2026-06-30 00:00:00,2.96,3.87,2/2,24.895,false,,,,,,,,,,,,,,,,missing_factset,Symbol not found in FactSet report,fresh,70,success,,2026-10-06 22:53:20,2026-10-06 22:56:53
3034,聯詠,TW,3034.TW,resolved,,https://hk.finance.yahoo.com/quote/3034.TW/analysis/,2026-10-06,,,9.57273,8.60168,33.70448,35.32413,30738877690.0,29135630040.0,110614152880.0,121663841120.0,0.2544,10.0,0.0,10.0,0.0,33.70448,29.04805,35.32413,31.63687,2026-06-30 00:00:00,7.94303,10.39,3/4,12.4975,true,,9.4,32.29,1.41448,0.043806,34.86,0.46413,0.013314,110021370000.0,592782880.0,0.005388,120663550000.0,1000291120.0,0.00829,revenue_current_year=1000; revenue_next_year=1000,matched,,fresh,85,success,,2026-10-06 22:53:21,2026-10-06 22:56:53
3045,台灣大,TW,3045.TW,resolved,,https://hk.finance.yahoo.com/quote/3045.TW/analysis/,2026-10-06,,,1.32986,1.34511,5.30784,5.6336,47805000000.0,58302000000.0,203882918930.0,206517016790.0,0.1293,2.0,0.0,1.0,0.0,5.30784,5.045,5.6336,5.12155,2026-06-30 00:00:00,1.16191,1.46,3/4,10.715,false,,,,,,,,,,,,,,,,missing_factset,Symbol not found in FactSet report,fresh,70,success,,2026-10-06 22:53:23,2026-10-06 22:56:53
3048,益登,TW,3048.TW,resolved,,https://hk.finance.yahoo.com/quote/3048.TW/analysis/,2026-10-06,,,,,,,0.0,0.0,0.0,0.0,,,,,,,,,,2019-03-31 00:00:00,0.21818,0.08182,1/2,288.785,false,,,,,,,,,,,,,,,,missing_factset,Symbol not found in FactSet report,fresh,70,success,,2026-10-06 22:53:24,2026-10-06 22:56:53
3231,緯創,TW,3231.TW,resolved,,https://hk.finance.yahoo.com/quote/3231.TW/analysis/,2026-10-06,,,4.55939,4.97461,17.2788,24.22992,1173201323200.0,1296150506960.0,4203763494920.0,6142303151530.0,1.057,1.0,0.0,1.0,1.0,17.2788,14.05408,24.22992,17.6148,2026-06-30 00:00:00,4.0622,4.72,2/4,-0.79,true,,9.2,16.54,0.7388,0.044667,23.79,0.43992,0.018492,3982633110000.0,221130384920.0,0.055524,6196375580000.0,-54072428470.0,-0.008726,revenue_current_year=1000; revenue_next_year=1000,matched,,fresh,85,success,,2026-10-06 22:53:25,2026-10-06 22:56:53
3356,奇偶,TW,3356.TW,resolved,,https://hk.finance.yahoo.com/quote/3356.TW/analysis/,2026-10-06,,,,,,,0.0,0.0,0.0,0.0,,,,,,,,,,2016-12-31 00:00:00,,0.44807,0/3,-51.033335,false,,,,,,,,,,,,,,,,missing_factset,Symbol not found in FactSet report,fresh,70,success,,2026-10-06 22:53:26,2026-10-06 22:56:53
4938,和碩,TW,4938.TW,resolved,,https://hk.finance.yahoo.com/quote/4938.TW/analysis/,2026-10-06,,,1.4689,1.84794,5.64988,7.21919,299381450250.0,354963674130.0,1185963374180.0,1466221757500.0,0.0482,1.0,0.0,1.0,3.0,5.64988,5.4396,7.21919,6.6428,2026-06-30 00:00:00,1.21978,1.67,3/4,11.579999,true,,8.9,5.65,-0.00012,-2.1e-05,6.28,0.93919,0.149553,1174910470000.0,11052904180.0,0.009407,1228801410000.0,237420347500.0,0.193213,revenue_current_year=1000; revenue_next_year=1000,matched,,fresh,85,success,,2026-10-06 22:53:27,2026-10-06 22:56:53
5203,訊連,TW,5203.TW,resolved,,https://hk.finance.yahoo.com/quote/5203.TW/analysis/,2026-10-06,,,,,,,0.0,0.0,0.0,0.0,,,,,,,,,,2026-06-30 00:00:00,1.14,0.32,1/3,-14.510001,false,,,,,,,,,,,,,,,,missing_factset,Symbol not found in FactSet report,fresh,70,success,,2026-10-06 22:53:29,2026-10-06 22:56:53
6214,精誠,TW,6214.TW,resolved,,https://hk.finance.yahoo.com/quote/6214.TW/analysis/,2026-10-06,,,2.57,1.73,10.45,11.33,13905000000.0,15260000000.0,56533000000.0,64305000000.0,,0.0,0.0,0.0,0.0,10.45,0.0,11.33,0.0,2026-06-30 00:00:00,,3.5,,,false,,,,,,,,,,,,,,,,missing_factset,Symbol not found in FactSet report,fresh,70,success,,2026-10-06 22:53:30,2026-10-06 22:56:53
6285,啟碁,TW,6285.TW,resolved,,https://hk.finance.yahoo.com/quote/6285.TW/analysis/,2026-10-06,,,4.0525,4.1025,13.8925,15.286,46171126500.0,44773300500.0,161349993400.0,180462347330.0,1.2157,0.0,0.0,2.0,0.0,13.8925,11.2675,15.286,13.9025,2026-06-30 00:00:00,2.535,3.36,3/4,6.135,true,,8.9,63.64,-49.7475,-0.781702,93.94,-78.654,-0.837279,19412290000000.0,-19250940006600.0,-0.991688,26214310000000.0,-26033847652670.0,-0.993116,revenue_current_year=1e+06; revenue_next_year=1e+06,large_diff,eps_current_year diff_pct=-0.7817; eps_next_year diff_pct=-0.8373; revenue_current_year diff_pct=-0.9917; revenue_next_year diff_pct=-0.9931,large_diff,60,success,,2026-10-06 22:53:31,2026-10-06 22:56:53
6462,神盾,TWO,6462.TWO,fallback_to_two,,https://hk.finance.yahoo.com/quote/6462.TWO/analysis/,2026-10-06,,,-0.22,0.15,-1.48,5.36,0.0,0.0,6602402420.0,8818552050.0,0.9155,0.0,0.0,0.0,0.0,-1.48,-1.48,5.36,5.36,2026-06-30 00:00:00,-0.57,-2.7,0/3,-595.42665,false,,,,,,,,,,,,,,,,missing_factset,Symbol not found in FactSet report,fresh,70,success,,2026-10-06 22:53:33,2026-10-06 22:56:53
9914,美利達,TW,9914.TW,resolved,,https://hk.finance.yahoo.com/quote/9914.TW/analysis/,2026-10-06,,,1.70777,0.85356,4.68194,6.11769,6860580460.0,5107736110.0,24314078370.0,25862966040.0,0.1676,0.0,1.0,2.0,4.0,4.68194,5.07897,6.11769,6.58416,2026-06-30 00:00:00,1.71732,1.06,2/4,-58.5875,true,,8.9,4.82,-0.13806,-0.028643,6.21,-0.09231,-0.014865,24451170000.0,-137091630.0,-0.005607,25976400000.0,-113433960.0,-0.004367,revenue_current_year=1000; revenue_next_year=1000,matched,,fresh,85,success,,2026-10-06 22:53:34,2026-10-06 22:56:53
9921,巨大,TW,9921.TW,resolved,,https://hk.finance.yahoo.com/quote/9921.TW/analysis/,2026-10-06,,,1.64699,0.6901,3.4544,5.94808,17039666669.0,13873000000.0,59718656270.0,65690211620.0,0.8774,0.0,0.0,0.0,0.0,3.4544,3.93158,5.94808,7.17394,2026-06-30 00:00:00,1.63932,1.62,0/4,-106.7275,false,,,,,,,,,,,,,,,,missing_factset,Symbol not found in FactSet report,fresh,70,success,,2026-10-06 22:53:36,2026-10-06 22:56:53
8272,全景軟體,TWO,8272.TWO,fallback_to_two,,https://hk.finance.yahoo.com/quote/8272.TWO/analysis/,2026-10-06,,,,,,,0.0,0.0,0.0,0.0,,,,,,,,,,2025-06-30 00:00:00,,1.27,,,false,,,,,,,,,,,,,,,,missing_factset,Symbol not found in FactSet report,fresh,70,success,,2026-10-06 22:53:37,2026-10-06 22:56:53
8299,群聯,TWO,8299.TWO,fallback_to_two,,https://hk.finance.yahoo.com/quote/8299.TWO/analysis/,2026-10-06,,,126.17017,107.47293,366.46234,265.3788,86387012160.0,90569895140.0,282348020560.0,323802980690.0,8.2215,1.0,0.0,1.0,0.0,366.46234,301.2897,265.3788,191.35262,2026-06-30 00:00:00,101.21555,110.77,4/4,17.194999,true,,8.2,409.91,-43.44766,-0.105993,345.22,-79.8412,-0.231276,283801190000.0,-1453169440.0,-0.00512,363726790000.0,-39923809310.0,-0.109763,revenue_current_year=1000; revenue_next_year=1000,large_diff,eps_next_year diff_pct=-0.2313,large_diff,60,success,,2026-10-06 22:53:39,2026-10-06 22:56:53
5434,崇越,TW,5434.TW,resolved,,https://hk.finance.yahoo.com/quote/5434.TW/analysis/,2026-10-06,,,7.90333,7.87333,30.55,34.41,24273000000.0,24319666670.0,87954666670.0,102266750000.0,0.4007,1.0,0.0,1.0,0.0,30.55,28.43,34.41,32.80667,2026-06-30 00:00:00,6.99667,7.91,4/4,15.8875,false,,,,,,,,,,,,,,,,missing_factset,Symbol not found in FactSet report,fresh,70,success,,2026-10-06 22:53:41,2026-10-06 22:56:53
6526,達發,TW,6526.TW,resolved,,https://hk.finance.yahoo.com/quote/6526.TW/analysis/,2026-10-06,,,6.122,5.554,21.53167,28.88667,6724000000.0,6418200000.0,24964666670.0,30140333330.0,0.2432,1.0,0.0,1.0,0.0,21.53167,20.94,28.88667,28.52,2026-06-30 00:00:00,5.24,5.25,3/4,0.08,false,,,,,,,,,,,,,,,,missing_factset,Symbol not found in FactSet report,fresh,70,success,,2026-10-06 22:53:42,2026-10-06 22:56:53
2301,光寶科,TW,2301.TW,resolved,,https://hk.finance.yahoo.com/quote/2301.TW/analysis/,2026-10-06,,,2.95524,3.17575,10.83473,15.0697,60359426850.0,63300321890.0,219778195060.0,292382886730.0,0.6317,1.0,0.0,1.0,0.0,10.83473,8.8937,15.0697,12.57758,2026-06-30 00:00:00,2.11906,3.13,2/4,3.187499,true,,8.9,9.17,1.66473,0.181541,12.57,2.4997,0.198862,210614460000.0,9163735060.0,0.04351,265003570000.0,27379316730.0,0.103317,revenue_current_year=1000; revenue_next_year=1000,matched,,fresh,85,success,,2026-10-06 22:53:43,2026-10-06 22:56:53
3035,智原,TW,3035.TW,resolved,,https://hk.finance.yahoo.com/quote/3035.TW/analysis/,2026-10-06,,,0.71802,1.29361,3.20307,6.35833,3183235470.0,3645337070.0,12731076760.0,16418605860.0,0.144,1.0,4.0,1.0,4.0,3.20307,3.68563,6.35833,6.73999,2026-06-30 00:00:00,0.4689,0.76,3/4,161.425,true,,8.7,3.49,-0.28693,-0.082215,6.48,-0.12167,-0.018776,12802610000.0,-71533240.0,-0.005587,16273680000.0,144925860.0,0.008906,revenue_current_year=1000; revenue_next_year=1000,matched,,fresh,85,success,,2026-10-06 22:53:44,2026-10-06 22:56:53
5269,祥碩,TW,5269.TW,resolved,,https://hk.finance.yahoo.com/quote/5269.TW/analysis/,2026-10-06,,,24.16955,23.28322,97.54201,109.38393,2563860270.0,2542257750.0,12074728660.0,13765506900.0,0.3478,0.0,1.0,1.0,3.0,97.54201,91.82,109.38393,106.55073,2026-06-30 00:00:00,22.72327,27.18,3/4,7.48,true,,8.9,89.72,7.82201,0.087182,103.28,6.10393,0.059101,15721100000.0,-3646371340.0,-0.231941,17354940000.0,-3589433100.0,-0.206825,revenue_current_year=1000; revenue_next_year=1000,large_diff,revenue_current_year diff_pct=-0.2319; revenue_next_year diff_pct=-0.2068,large_diff,60,success,,2026-10-06 22:53:46,2026-10-06 22:56:53
6669,緯穎,TW,6669.TW,resolved,,https://hk.finance.yahoo.com/quote/6669.TW/analysis/,2026-10-06,,,33.27829,36.73447,121.12488,180.44446,362223994420.0,422811587890.0,1340598645770.0,2375596854720.0,0.3135,1.0,1.0,3.0,1.0,121.12488,115.28962,180.44446,155.14874,2026-06-30 00:00:00,25.92064,24.25913,3/4,7.915,true,,9.4,118.57,2.55488,0.021547,181.86,-1.41554,-0.007784,1347561810000.0,-6963164230.0,-0.005167,2440239340000.0,-64642485280.0,-0.02649,revenue_current_year=1000; revenue_next_year=1000,matched,,fresh,85,success,,2026-10-06 22:53:47,2026-10-06 22:56:53
6695,芯鼎,TW,6695.TW,resolved,,https://hk.finance.yahoo.com/quote/6695.TW/analysis/,2026-10-06,,,,,,,0.0,0.0,0.0,0.0,,,,,,,,,,2023-03-31 00:00:00,0.01,-0.37,1/3,-1478.57,false,,,,,,,,,,,,,,,,missing_factset,Symbol not found in FactSet report,fresh,70,success,,2026-10-06 22:53:48,2026-10-06 22:56:53
6561,是方,TWO,6561.TWO,fallback_to_two,,https://hk.finance.yahoo.com/quote/6561.TWO/analysis/,2026-10-06,,,4.135,4.13,15.8,18.88,1071333330.0,1073000000.0,4138000000.0,4598000000.0,0.0032,0.0,1.0,0.0,1.0,15.8,16.51,18.88,22.0,2026-06-30 00:00:00,4.00667,3.88,1/4,-1.9025,false,,,,,,,,,,,,,,,,missing_factset,Symbol not found in FactSet report,fresh,70,success,,2026-10-06 22:53:50,2026-10-06 22:56:53
7765,中華資安,TW,7765.TW,resolved,,https://hk.finance.yahoo.com/quote/7765.TW/analysis/,2026-10-06,,,2.85,3.28,12.32,14.79,537000000.0,643000000.0,2275000000.0,2539000000.0,0.0769,1.0,0.0,1.0,0.0,12.32,13.25,14.79,0.0,2026-06-30 00:00:00,2.73,2.78,1/4,-4.675,false,,,,,,,,,,,,,,,,missing_factset,Symbol not found in FactSet report,fresh,70,success,,2026-10-06 22:53:51,2026-10-06 22:56:53
3150,鈺寶-創,TW,3150.TW,resolved,,https://hk.finance.yahoo.com/quote/3150.TW/analysis/,2026-10-06,,,,,,,0.0,0.0,0.0,0.0,,,,,,,,,,,,,,,false,,,,,,,,,,,,,,,,missing_factset,Symbol not found in FactSet report,fresh,70,success,,2026-10-06 22:53:52,2026-10-06 22:56:53
2646,星宇航空,TW,2646.TW,resolved,,https://hk.finance.yahoo.com/quote/2646.TW/analysis/,2026-10-06,,,0.07,0.17,0.13,0.49,16295000000.0,16788000000.0,61637000000.0,71239000000.0,0.4444,0.0,0.0,0.0,0.0,0.13,0.0,0.49,0.0,2026-06-30 00:00:00,,-0.42,,,false,,,,,,,,,,,,,,,,missing_factset,Symbol not found in FactSet report,fresh,70,success,,2026-10-06 22:53:53,2026-10-06 22:56:53
4953,緯軟,TWO,4953.TWO,fallback_to_two,,https://hk.finance.yahoo.com/quote/4953.TWO/analysis/,2026-10-06,,,3.53,2.69,11.43,12.99,3681000000.0,3918000000.0,14537000000.0,16426000000.0,0.3527,1.0,0.0,1.0,0.0,11.43,10.69,12.99,12.25,2026-06-30 00:00:00,2.89,2.55,2/4,1.09,false,,,,,,,,,,,,,,,,missing_factset,Symbol not found in FactSet report,fresh,70,success,,2026-10-06 22:53:55,2026-10-06 22:56:53
6231,系微,TWO,6231.TWO,fallback_to_two,,https://hk.finance.yahoo.com/quote/6231.TWO/analysis/,2026-10-06,,,,,,,0.0,0.0,0.0,0.0,,,,,,,,,,2025-09-30 00:00:00,,1.84,1/1,8.33,false,,,,,,,,,,,,,,,,missing_factset,Symbol not found in FactSet report,fresh,70,success,,2026-10-06 22:53:57,2026-10-06 22:56:53
9917,中保科,TW,9917.TW,resolved,,https://hk.finance.yahoo.com/quote/9917.TW/analysis/,2026-10-06,,,,,,,0.0,0.0,0.0,0.0,,,,,,,,,,2026-03-31 00:00:00,1.69524,1.52381,0/2,-5.53,false,,,,,,,,,,,,,,,,missing_factset,Symbol not found in FactSet report,fresh,70,success,,2026-10-06 22:53:58,2026-10-06 22:56:53
3558,神準,TWO,3558.TWO,fallback_to_two,,https://hk.finance.yahoo.com/quote/3558.TWO/analysis/,2026-10-06,,,,,,,0.0,0.0,0.0,0.0,,,,,,,,,,2023-12-31 00:00:00,3.63,2.13,0/3,-22.24,false,,,,,,,,,,,,,,,,missing_factset,Symbol not found in FactSet report,fresh,70,success,,2026-10-06 22:54:00,2026-10-06 22:56:53
2450,神腦,TW,2450.TW,resolved,,https://hk.finance.yahoo.com/quote/2450.TW/analysis/,2026-10-06,,,,,,,0.0,0.0,0.0,0.0,,,,,,,,,,2018-09-30 00:00:00,0.46,0.24,1/4,-25.795,false,,,,,,,,,,,,,,,,missing_factset,Symbol not found in FactSet report,fresh,70,success,,2026-10-06 22:54:02,2026-10-06 22:56:53
2303,聯電,TW,2303.TW,resolved,,https://hk.finance.yahoo.com/quote/2303.TW/analysis/,2026-10-06,,,1.4114,1.48989,6.95132,7.14248,75699420090.0,78450427810.0,282808475100.0,342310046580.0,1.0812,0.0,1.0,0.0,1.0,6.95132,4.68386,7.14248,5.76544,2026-06-30 00:00:00,1.11131,3.37,3/4,76.49,true,,9.5,5.98,0.97132,0.162428,6.78,0.36248,0.053463,281517260000.0,1291215100.0,0.004587,345480970000.0,-3170923420.0,-0.009178,revenue_current_year=1000; revenue_next_year=1000,matched,,fresh,85,success,,2026-10-06 22:54:03,2026-10-06 22:56:53
7708,全家餐飲,TWO,7708.TWO,fallback_to_two,,https://hk.finance.yahoo.com/quote/7708.TWO/analysis/,2026-10-06,,,,,,,0.0,0.0,0.0,0.0,,,,,,,,,,,,,,,false,,,,,,,,,,,,,,,,missing_factset,Symbol not found in FactSet report,fresh,70,success,,2026-10-06 22:54:05,2026-10-06 22:56:53
6613,朋億,TWO,6613.TWO,fallback_to_two,,https://hk.finance.yahoo.com/quote/6613.TWO/analysis/,2026-10-06,,,4.35,4.64,17.5,23.55,3693000000.0,3600000000.0,13421000000.0,15837000000.0,,1.0,0.0,0.0,0.0,17.5,0.0,23.55,0.0,2026-06-30 00:00:00,4.83,4.66,0/1,-3.52,false,,,,,,,,,,,,,,,,missing_factset,Symbol not found in FactSet report,fresh,70,success,,2026-10-06 22:54:06,2026-10-06 22:56:53
7703,銳澤,TWO,7703.TWO,fallback_to_two,,https://hk.finance.yahoo.com/quote/7703.TWO/analysis/,2026-10-06,,,,,,,0.0,0.0,0.0,0.0,,,,,,,,,,2025-12-31 00:00:00,2.81,1.96,2/4,21.705,false,,,,,,,,,,,,,,,,missing_factset,Symbol not found in FactSet report,fresh,70,success,,2026-10-06 22:54:08,2026-10-06 22:56:53
2353,宏碁,TW,2353.TW,resolved,,https://hk.finance.yahoo.com/quote/2353.TW/analysis/,2026-10-06,,,0.38,0.47,1.81,1.8609,91034785760.0,89408659200.0,320460324600.0,347225868240.0,0.448,0.0,0.0,0.0,0.0,1.81,1.66,1.8609,1.89333,2026-06-30 00:00:00,0.42638,0.72,1/4,-4.9175,false,,,,,,,,,,,,,,,,missing_factset,Symbol not found in FactSet report,fresh,70,success,,2026-10-06 22:54:10,2026-10-06 22:56:53
3158,嘉實,TWO,3158.TWO,fallback_to_two,,https://hk.finance.yahoo.com/quote/3158.TWO/analysis/,2026-10-06,,,,,,,0.0,0.0,0.0,0.0,,,,,,,,,,,,,,,false,,,,,,,,,,,,,,,,missing_factset,Symbol not found in FactSet report,fresh,70,success,,2026-10-06 22:54:12,2026-10-06 22:56:53
6035,悠遊卡,TWO,6035.TWO,fallback_to_two,,https://hk.finance.yahoo.com/quote/6035.TWO/analysis/,2026-10-06,,,,,,,0.0,0.0,0.0,0.0,,,,,,,,,,,,,,,false,,,,,,,,,,,,,,,,missing_factset,Symbol not found in FactSet report,fresh,70,success,,2026-10-06 22:54:14,2026-10-06 22:56:53
7722,LINEPAY,TW,7722.TW,resolved,,https://hk.finance.yahoo.com/quote/7722.TW/analysis/,2026-10-06,,,2.98,3.37,9.82463,12.89395,2353000000.0,2588000000.0,9152892260.0,10778879400.0,0.3828,0.0,0.0,0.0,0.0,9.82463,12.36446,12.89395,16.79741,2026-06-30 00:00:00,2.2,2.37,1/3,-17.053334,false,,,,,,,,,,,,,,,,missing_factset,Symbol not found in FactSet report,fresh,70,success,,2026-10-06 22:54:15,2026-10-06 22:56:53
5904,寶雅,TWO,5904.TWO,fallback_to_two,,https://hk.finance.yahoo.com/quote/5904.TWO/analysis/,2026-10-06,,,0.89382,0.98915,3.64475,4.03699,7223286290.0,7337544710.0,28531746430.0,31285229020.0,0.2418,1.0,1.0,1.0,1.0,3.64475,3.50304,4.03699,3.83209,2026-06-30 00:00:00,0.74907,0.813,3/4,7.245,false,,,,,,,,,,,,,,,,missing_factset,Symbol not found in FactSet report,fresh,70,success,,2026-10-06 22:54:17,2026-10-06 22:56:53
6182,合晶,TWO,6182.TWO,fallback_to_two,,https://hk.finance.yahoo.com/quote/6182.TWO/analysis/,2026-10-06,,,,,,,0.0,0.0,0.0,0.0,,,,,,,,,,2024-12-31 00:00:00,0.27,-0.01,0/4,-99.675,false,,,,,,,,,,,,,,,,missing_factset,Symbol not found in FactSet report,fresh,70,success,,2026-10-06 22:54:20,2026-10-06 22:56:53
6962,奕力-KY,TW,6962.TW,resolved,,https://hk.finance.yahoo.com/quote/6962.TW/analysis/,2026-10-06,,,,,5.51,,0.0,0.0,28270000000.0,0.0,0.9199,,,,,5.51,5.51,,,2025-12-31 00:00:00,1.17,0.27,1/4,-56.469998,false,,,,,,,,,,,,,,,,missing_factset,Symbol not found in FactSet report,fresh,70,success,,2026-10-06 22:54:21,2026-10-06 22:56:53
7705,三商餐飲,TW,7705.TW,resolved,,https://hk.finance.yahoo.com/quote/7705.TW/analysis/,2026-10-06,,,,,,,0.0,0.0,0.0,0.0,,,,,,,,,,,,,,,false,,,,,,,,,,,,,,,,missing_factset,Symbol not found in FactSet report,fresh,70,success,,2026-10-06 22:54:22,2026-10-06 22:56:53
3014,聯陽,TW,3014.TW,resolved,,https://hk.finance.yahoo.com/quote/3014.TW/analysis/,2026-10-06,,,2.81,2.47,10.98,10.63,1923000000.0,1823000000.0,7316000000.0,7458000000.0,,0.0,0.0,0.0,0.0,10.98,0.0,10.63,0.0,2026-06-30 00:00:00,,2.96,,,false,,,,,,,,,,,,,,,,missing_factset,Symbol not found in FactSet report,fresh,70,success,,2026-10-06 22:54:24,2026-10-06 22:56:53
6720,久昌,TWO,6720.TWO,fallback_to_two,,https://hk.finance.yahoo.com/quote/6720.TWO/analysis/,2026-10-06,,,,,,,0.0,0.0,0.0,0.0,,,,,,,,,,,,,,,false,,,,,,,,,,,,,,,,missing_factset,Symbol not found in FactSet report,fresh,70,success,,2026-10-06 22:54:25,2026-10-06 22:56:53
6757,台灣虎航,TW,6757.TW,resolved,,https://hk.finance.yahoo.com/quote/6757.TW/analysis/,2026-10-06,,,1.29333,0.89667,5.8,5.79,4958000000.0,4654000000.0,19937000000.0,19119500000.0,0.0821,0.0,0.0,0.0,0.0,5.8,3.675,5.79,5.385,2026-06-30 00:00:00,0.495,0.75,3/3,29.23,false,,,,,,,,,,,,,,,,missing_factset,Symbol not found in FactSet report,fresh,70,success,,2026-10-06 22:54:27,2026-10-06 22:56:53
7794,宏碁智新,TWO,7794.TWO,fallback_to_two,,https://hk.finance.yahoo.com/quote/7794.TWO/analysis/,2026-10-06,,,0.58,0.62,2.68,3.66,260000000.0,271000000.0,1175000000.0,1336000000.0,,0.0,0.0,0.0,0.0,2.68,0.0,3.66,0.0,,,,,,false,,,,,,,,,,,,,,,,missing_factset,Symbol not found in FactSet report,fresh,70,success,,2026-10-06 22:54:28,2026-10-06 22:56:53
6996,力領科技,TWO,6996.TWO,fallback_to_two,,https://hk.finance.yahoo.com/quote/6996.TWO/analysis/,2026-10-06,,,,,,,0.0,0.0,0.0,0.0,,,,,,,,,,2025-03-31 00:00:00,3.03,2.38,0/2,-13.655,false,,,,,,,,,,,,,,,,missing_factset,Symbol not found in FactSet report,fresh,70,success,,2026-10-06 22:54:30,2026-10-06 22:56:53
8016,矽創,TW,8016.TW,resolved,,https://hk.finance.yahoo.com/quote/8016.TW/analysis/,2026-10-06,,,,,,,0.0,0.0,0.0,0.0,,,,,,,,,,2022-03-31 00:00:00,14.715,11.63,1/3,-3.883333,false,,,,,,,,,,,,,,,,missing_factset,Symbol not found in FactSet report,fresh,70,success,,2026-10-06 22:54:31,2026-10-06 22:56:53
8045,達運光電,TW,8045.TW,resolved,,https://hk.finance.yahoo.com/quote/8045.TW/analysis/,2026-10-06,,,,,,,0.0,0.0,0.0,0.0,,,,,,,,,,2025-12-31 00:00:00,0.24,0.21,1/4,-20.865,false,,,,,,,,,,,,,,,,missing_factset,Symbol not found in FactSet report,fresh,70,success,,2026-10-06 22:54:33,2026-10-06 22:56:53
7704,明遠精密,TWO,7704.TWO,fallback_to_two,,https://hk.finance.yahoo.com/quote/7704.TWO/analysis/,2026-10-06,,,,,,,0.0,0.0,0.0,0.0,,,,,,,,,,2025-03-31 00:00:00,0.77,0.48,0/2,-45.46,false,,,,,,,,,,,,,,,,missing_factset,Symbol not found in FactSet report,fresh,70,success,,2026-10-06 22:54:35,2026-10-06 22:56:53
6997,博弘,TWO,6997.TWO,fallback_to_two,,https://hk.finance.yahoo.com/quote/6997.TWO/analysis/,2026-10-06,,,1.35,1.49,1.94,6.33,1467000000.0,1551000000.0,5719000000.0,6302000000.0,-0.6204,0.0,1.0,0.0,1.0,1.94,5.55,6.33,6.53,2026-06-30 00:00:00,1.42,1.46,2/4,-65.315,false,,,,,,,,,,,,,,,,missing_factset,Symbol not found in FactSet report,fresh,70,success,,2026-10-06 22:54:36,2026-10-06 22:56:53
4749,新應材,TWO,4749.TWO,fallback_to_two,,https://hk.finance.yahoo.com/quote/4749.TWO/analysis/,2026-10-06,,,3.89667,4.34333,14.9477,20.84702,1354400000.0,1447000000.0,5282295290.0,7079072380.0,0.3193,0.0,0.0,0.0,0.0,14.9477,15.0,20.84702,22.484,2026-06-30 00:00:00,3.49,3.28,2/4,5.9925,false,,,,,,,,,,,,,,,,missing_factset,Symbol not found in FactSet report,fresh,70,success,,2026-10-06 22:54:38,2026-10-06 22:56:53
7747,昕奇雲端,TWO,7747.TWO,fallback_to_two,,https://hk.finance.yahoo.com/quote/7747.TWO/analysis/,2026-10-06,,,,,,,0.0,0.0,0.0,0.0,,,,,,,,,,2025-12-31 00:00:00,0.27364,0.20276,1/4,-18.805,false,,,,,,,,,,,,,,,,missing_factset,Symbol not found in FactSet report,fresh,70,success,,2026-10-06 22:54:40,2026-10-06 22:56:53
6123,上奇,TWO,6123.TWO,fallback_to_two,,https://hk.finance.yahoo.com/quote/6123.TWO/analysis/,2026-10-06,,,,,,,0.0,0.0,0.0,0.0,,,,,,,,,,2026-03-31 00:00:00,0.51,0.0,1/2,-21.875,false,,,,,,,,,,,,,,,,missing_factset,Symbol not found in FactSet report,fresh,70,success,,2026-10-06 22:54:42,2026-10-06 22:56:53
6425,易發,TWO,6425.TWO,fallback_to_two,,https://hk.finance.yahoo.com/quote/6425.TWO/analysis/,2026-10-06,,,,,,,0.0,0.0,0.0,0.0,,,,,,,,,,,,,,,false,,,,,,,,,,,,,,,,missing_factset,Symbol not found in FactSet report,fresh,70,success,,2026-10-06 22:54:44,2026-10-06 22:56:53
7712,博盛半導體,TWO,7712.TWO,fallback_to_two,,https://hk.finance.yahoo.com/quote/7712.TWO/analysis/,2026-10-06,,,,,,,0.0,0.0,0.0,0.0,,,,,,,,,,2025-09-30 00:00:00,1.19,1.6,3/4,31.655,false,,,,,,,,,,,,,,,,missing_factset,Symbol not found in FactSet report,fresh,70,success,,2026-10-06 22:54:46,2026-10-06 22:56:53
6811,宏碁資訊,TWO,6811.TWO,fallback_to_two,,https://hk.finance.yahoo.com/quote/6811.TWO/analysis/,2026-10-06,,,3.73,3.51,16.56667,18.57,2437500000.0,2597500000.0,10708666670.0,12075500000.0,0.1537,0.0,0.0,0.0,0.0,16.56667,16.04667,18.57,17.69,2026-06-30 00:00:00,4.415,4.66,3/4,1.8675,false,,,,,,,,,,,,,,,,missing_factset,Symbol not found in FactSet report,fresh,70,success,,2026-10-06 22:54:48,2026-10-06 22:56:53
3029,零壹,TW,3029.TW,resolved,,https://hk.finance.yahoo.com/quote/3029.TW/analysis/,2026-10-06,,,1.9,2.26,7.72,8.44,7542000000.0,7225000000.0,28679000000.0,31570000000.0,,1.0,0.0,0.0,1.0,7.72,7.66,8.44,9.47,2026-06-30 00:00:00,1.79,1.86,3/4,-4.5825,false,,,,,,,,,,,,,,,,missing_factset,Symbol not found in FactSet report,fresh,70,success,,2026-10-06 22:54:49,2026-10-06 22:56:53
6690,安碁資訊,TWO,6690.TWO,fallback_to_two,,https://hk.finance.yahoo.com/quote/6690.TWO/analysis/,2026-10-06,,,2.845,3.235,11.18,12.83,684000000.0,752500000.0,2720500000.0,3005500000.0,0.1026,0.0,1.0,0.0,1.0,11.18,11.665,12.83,13.18,2026-06-30 00:00:00,2.86,2.82,2/4,5.1575,false,,,,,,,,,,,,,,,,missing_factset,Symbol not found in FactSet report,fresh,70,success,,2026-10-06 22:54:51,2026-10-06 22:56:53
6763,綠界科技,TWO,6763.TWO,fallback_to_two,,https://hk.finance.yahoo.com/quote/6763.TWO/analysis/,2026-10-06,,,,,,,0.0,0.0,0.0,0.0,,,,,,,,,,2025-12-31 00:00:00,0.54,0.38,0/1,-29.63,false,,,,,,,,,,,,,,,,missing_factset,Symbol not found in FactSet report,fresh,70,success,,2026-10-06 22:54:52,2026-10-06 22:56:53
6751,智聯服務,TWO,6751.TWO,fallback_to_two,,https://hk.finance.yahoo.com/quote/6751.TWO/analysis/,2026-10-06,,,,,,,0.0,0.0,0.0,0.0,,,,,,,,,,2021-03-31 00:00:00,0.41,0.49,1/2,6.770001,false,,,,,,,,,,,,,,,,missing_factset,Symbol not found in FactSet report,fresh,70,success,,2026-10-06 22:54:54,2026-10-06 22:56:53
6442,光聖,TW,6442.TW,resolved,,https://hk.finance.yahoo.com/quote/6442.TW/analysis/,2026-10-06,,,13.49,18.1,62.01,130.0,4656000000.0,5397000000.0,19379000000.0,37223000000.0,,1.0,0.0,1.0,0.0,62.01,0.0,130.0,0.0,2026-03-31 00:00:00,8.04,7.5,1/2,0.7,false,,,,,,,,,,,,,,,,missing_factset,Symbol not found in FactSet report,fresh,70,success,,2026-10-06 22:54:56,2026-10-06 22:56:53
8454,富邦媒,TW,8454.TW,resolved,,https://hk.finance.yahoo.com/quote/8454.TW/analysis/,2026-10-06,,,2.14747,3.45614,10.45783,10.84759,25726877000.0,33004199430.0,111311763900.0,113493663150.0,-0.0737,0.0,0.0,0.0,0.0,10.45783,10.61,10.84759,9.97818,2026-06-30 00:00:00,2.31785,2.38,2/4,-2.895,false,,,,,,,,,,,,,,,,missing_factset,Symbol not found in FactSet report,fresh,70,success,,2026-10-06 22:54:57,2026-10-06 22:56:53
2332,友訊,TW,2332.TW,resolved,,https://hk.finance.yahoo.com/quote/2332.TW/analysis/,2026-10-06,,,,,,,0.0,0.0,0.0,0.0,,,,,,,,,,2024-09-30 00:00:00,0.14,0.3,2/2,173.81,false,,,,,,,,,,,,,,,,missing_factset,Symbol not found in FactSet report,fresh,70,success,,2026-10-06 22:54:58,2026-10-06 22:56:53
7805,威聯通,TWO,7805.TWO,fallback_to_two,,https://hk.finance.yahoo.com/quote/7805.TWO/analysis/,2026-10-06,,,,,,,0.0,0.0,0.0,0.0,,,,,,,,,,,,,,,false,,,,,,,,,,,,,,,,missing_factset,Symbol not found in FactSet report,fresh,70,success,,2026-10-06 22:55:00,2026-10-06 22:56:53
5536,聖暉,TWO,5536.TWO,fallback_to_two,,https://hk.finance.yahoo.com/quote/5536.TWO/analysis/,2026-10-06,,,15.19,17.08,56.0,68.655,15000000000.0,16500000000.0,56484000000.0,67224000000.0,0.9704,1.0,0.0,1.0,0.0,56.0,57.16,68.655,63.66,2026-06-30 00:00:00,13.43,10.96,1/3,-14.116667,false,,,,,,,,,,,,,,,,missing_factset,Symbol not found in FactSet report,fresh,70,success,,2026-10-06 22:55:01,2026-10-06 22:56:53
6125,廣運,TWO,6125.TWO,fallback_to_two,,https://hk.finance.yahoo.com/quote/6125.TWO/analysis/,2026-10-06,,,,,,,0.0,0.0,0.0,0.0,,,,,,,,,,2026-03-31 00:00:00,0.46,0.16,0/2,-90.945,false,,,,,,,,,,,,,,,,missing_factset,Symbol not found in FactSet report,fresh,70,success,,2026-10-06 22:55:03,2026-10-06 22:56:53
2359,所羅門,TW,2359.TW,resolved,,https://hk.finance.yahoo.com/quote/2359.TW/analysis/,2026-10-06,,,0.51,0.4,1.92,1.52,1432000000.0,1474000000.0,5010000000.0,5515000000.0,,1.0,0.0,1.0,0.0,1.92,1.72,1.52,1.94,2026-06-30 00:00:00,0.23,3.77,3/3,664.083333,false,,,,,,,,,,,,,,,,missing_factset,Symbol not found in FactSet report,fresh,70,success,,2026-10-06 22:55:05,2026-10-06 22:56:53
6506,雙邦,TWO,6506.TWO,fallback_to_two,,https://hk.finance.yahoo.com/quote/6506.TWO/analysis/,2026-10-06,,,,,,,0.0,0.0,0.0,0.0,,,,,,,,,,,,,,,false,,,,,,,,,,,,,,,,missing_factset,Symbol not found in FactSet report,fresh,70,success,,2026-10-06 22:55:07,2026-10-06 22:56:53
3293,鈊象,TWO,3293.TWO,fallback_to_two,,https://hk.finance.yahoo.com/quote/3293.TWO/analysis/,2026-10-06,,,11.82667,12.415,46.982,54.634,6582666670.0,6820166670.0,26089750000.0,29584800000.0,0.22,0.0,0.0,0.0,0.0,46.982,46.24,54.634,53.2525,2026-06-30 00:00:00,11.50667,11.59,3/4,0.81,false,,,,,,,,,,,,,,,,missing_factset,Symbol not found in FactSet report,fresh,70,success,,2026-10-06 22:55:08,2026-10-06 22:56:53
5274,信驊,TWO,5274.TWO,fallback_to_two,,https://hk.finance.yahoo.com/quote/5274.TWO/analysis/,2026-10-06,,,49.39647,69.86208,198.73827,338.70193,4624756290.0,6260132600.0,18454241610.0,30702687410.0,1.1075,1.0,0.0,5.0,1.0,198.73827,179.12643,338.70193,276.0939,2026-06-30 00:00:00,42.88498,44.25,4/4,10.6975,true,,8.8,199.17,-0.43173,-0.002168,345.26,-6.55807,-0.018995,17974460000.0,479781610.0,0.026692,30837210000.0,-134522590.0,-0.004362,revenue_current_year=1000; revenue_next_year=1000,matched,,fresh,85,success,,2026-10-06 22:55:10,2026-10-06 22:56:53
2603,長榮,TW,2603.TW,resolved,,https://hk.finance.yahoo.com/quote/2603.TW/analysis/,2026-10-06,,,22.61,13.3,34.05144,23.66232,149259000000.0,127904000000.0,436477809110.0,395212744550.0,0.0762,0.0,0.0,0.0,0.0,34.05144,27.02949,23.66232,19.07523,2026-06-30 00:00:00,6.9025,7.4,2/4,-0.7825,true,,8.5,33.71,0.34144,0.010129,23.19,0.47232,0.020367,423017010000.0,13460799110.0,0.031821,401232880000.0,-6020135450.0,-0.015004,revenue_current_year=1000; revenue_next_year=1000,matched,,fresh,85,success,,2026-10-06 22:55:11,2026-10-06 22:56:53
7547,碩網,TWO,7547.TWO,fallback_to_two,,https://hk.finance.yahoo.com/quote/7547.TWO/analysis/,2026-10-06,,,,,,,0.0,0.0,0.0,0.0,,,,,,,,,,2025-09-30 00:00:00,0.78,1.05,2/2,22.31,false,,,,,,,,,,,,,,,,missing_factset,Symbol not found in FactSet report,fresh,70,success,,2026-10-06 22:55:13,2026-10-06 22:56:53
7734,印能科技,TWO,7734.TWO,fallback_to_two,,https://hk.finance.yahoo.com/quote/7734.TWO/analysis/,2026-10-06,,,17.51,15.76,64.71,87.315,1080000000.0,967000000.0,3836000000.0,5114000000.0,,0.0,1.0,0.0,1.0,64.71,77.19,87.315,106.88,2026-06-30 00:00:00,14.89,14.03,0/1,-5.78,false,,,,,,,,,,,,,,,,missing_factset,Symbol not found in FactSet report,fresh,70,success,,2026-10-06 22:55:15,2026-10-06 22:56:53
7736,虎山,TW,7736.TW,resolved,,https://hk.finance.yahoo.com/quote/7736.TW/analysis/,2026-10-06,,,,,,,0.0,0.0,0.0,0.0,,,,,,,,,,2025-06-30 00:00:00,1.41,0.28,2/3,2.346668,false,,,,,,,,,,,,,,,,missing_factset,Symbol not found in FactSet report,fresh,70,success,,2026-10-06 22:55:16,2026-10-06 22:56:53
7728,光焱科技,TWO,7728.TWO,fallback_to_two,,https://hk.finance.yahoo.com/quote/7728.TWO/analysis/,2026-10-06,,,1.497,2.456,6.438,9.277,103616000.0,152546000.0,455718000.0,545902000.0,,0.0,0.0,0.0,0.0,6.438,0.0,9.277,0.0,2026-06-30 00:00:00,,1.06931,,,false,,,,,,,,,,,,,,,,missing_factset,Symbol not found in FactSet report,fresh,70,success,,2026-10-06 22:55:18,2026-10-06 22:56:53
7732,金興精密,TW,7732.TW,resolved,,https://hk.finance.yahoo.com/quote/7732.TW/analysis/,2026-10-06,,,,,,,0.0,0.0,0.0,0.0,,,,,,,,,,,,,,,false,,,,,,,,,,,,,,,,missing_factset,Symbol not found in FactSet report,fresh,70,success,,2026-10-06 22:55:19,2026-10-06 22:56:53
7769,鴻勁,TW,7769.TW,resolved,,https://hk.finance.yahoo.com/quote/7769.TW/analysis/,2026-10-06,,,34.04563,38.38102,131.04623,216.0443,14776461010.0,16714582559.0,56345621540.0,91759519720.0,0.7348,1.0,0.0,1.0,0.0,131.04623,122.32828,216.0443,207.91417,2026-06-30 00:00:00,30.3454,30.41,3/4,7.37,false,,,,,,,,,,,,,,,,missing_factset,Symbol not found in FactSet report,fresh,70,success,,2026-10-06 22:55:20,2026-10-06 22:56:53
2383,台光電,TW,2383.TW,resolved,,https://hk.finance.yahoo.com/quote/2383.TW/analysis/,2026-10-06,,,35.0963,39.94142,117.3981,231.07605,56228725930.0,61112466200.0,197688010910.0,334673276430.0,1.8173,1.0,0.0,11.0,0.0,117.3981,96.24388,231.07605,171.90407,2026-06-30 00:00:00,24.61997,27.55,1/4,-1.4425,true,,9.4,113.95,3.4481,0.03026,223.32,7.75605,0.034731,194880640000.0,2807370910.0,0.014406,328258870000.0,6414406430.0,0.019541,revenue_current_year=1000; revenue_next_year=1000,matched,,fresh,85,success,,2026-10-06 22:55:22,2026-10-06 22:56:53
7709,榮田,TWO,7709.TWO,fallback_to_two,,https://hk.finance.yahoo.com/quote/7709.TWO/analysis/,2026-10-06,,,,,,,0.0,0.0,0.0,0.0,,,,,,,,,,2024-12-31 00:00:00,,1.54,,,false,,,,,,,,,,,,,,,,missing_factset,Symbol not found in FactSet report,fresh,70,success,,2026-10-06 22:55:24,2026-10-06 22:56:53
7713,威力德生醫,TWO,7713.TWO,fallback_to_two,,https://hk.finance.yahoo.com/quote/7713.TWO/analysis/,2026-10-06,,,,,,,0.0,0.0,0.0,0.0,,,,,,,,,,,,,,,false,,,,,,,,,,,,,,,,missing_factset,Symbol not found in FactSet report,fresh,70,success,,2026-10-06 22:55:25,2026-10-06 22:56:53
3260,威剛,TWO,3260.TWO,fallback_to_two,,https://hk.finance.yahoo.com/quote/3260.TWO/analysis/,2026-10-06,,,25.38,18.85,105.24,44.33,38469000000.0,41621000000.0,140643000000.0,131319000000.0,3.5796,0.0,1.0,0.0,1.0,105.24,63.2,44.33,19.11,2026-06-30 00:00:00,32.26,31.75,1/2,64.43,false,,,,,,,,,,,,,,,,missing_factset,Symbol not found in FactSet report,fresh,70,success,,2026-10-06 22:55:27,2026-10-06 22:56:53
4114,健喬,TWO,4114.TWO,fallback_to_two,,https://hk.finance.yahoo.com/quote/4114.TWO/analysis/,2026-10-06,,,,,,,0.0,0.0,0.0,0.0,,,,,,,,,,2025-09-30 00:00:00,0.57415,0.37968,0/3,-34.53,false,,,,,,,,,,,,,,,,missing_factset,Symbol not found in FactSet report,fresh,70,success,,2026-10-06 22:55:29,2026-10-06 22:56:53
3467,台灣精材,TWO,3467.TWO,fallback_to_two,,https://hk.finance.yahoo.com/quote/3467.TWO/analysis/,2026-10-06,,,,,,,0.0,0.0,0.0,0.0,,,,,,,,,,,,,,,false,,,,,,,,,,,,,,,,missing_factset,Symbol not found in FactSet report,fresh,70,success,,2026-10-06 22:55:31,2026-10-06 22:56:53
7737,凱鈿,TWO,7737.TWO,fallback_to_two,,https://hk.finance.yahoo.com/quote/7737.TWO/analysis/,2026-10-06,,,,,,,0.0,0.0,0.0,0.0,,,,,,,,,,,,,,,false,,,,,,,,,,,,,,,,missing_factset,Symbol not found in FactSet report,fresh,70,success,,2026-10-06 22:55:36,2026-10-06 22:56:53
6597,立誠,TWO,6597.TWO,fallback_to_two,,https://hk.finance.yahoo.com/quote/6597.TWO/analysis/,2026-10-06,,,,,,,0.0,0.0,0.0,0.0,,,,,,,,,,2025-09-30 00:00:00,1.63,1.21,1/3,-60.013333,false,,,,,,,,,,,,,,,,missing_factset,Symbol not found in FactSet report,fresh,70,success,,2026-10-06 22:55:38,2026-10-06 22:56:53
6850,光鼎生技,TWO,6850.TWO,fallback_to_two,,https://hk.finance.yahoo.com/quote/6850.TWO/analysis/,2026-10-06,,,,,,,0.0,0.0,0.0,0.0,,,,,,,,,,,,,,,false,,,,,,,,,,,,,,,,missing_factset,Symbol not found in FactSet report,fresh,70,success,,2026-10-06 22:55:39,2026-10-06 22:56:53
6902,GOGOLOOK,TW,6902.TW,resolved,,https://hk.finance.yahoo.com/quote/6902.TW/analysis/,2026-10-06,,,1.8,2.07,7.19,10.25,335000000.0,360000000.0,1308000000.0,1561000000.0,,1.0,0.0,1.0,0.0,7.19,6.75,10.25,9.75,2026-06-30 00:00:00,1.54,1.68,3/3,63.61667,false,,,,,,,,,,,,,,,,missing_factset,Symbol not found in FactSet report,fresh,70,success,,2026-10-06 22:55:41,2026-10-06 22:56:53
6918,愛派司,TW,6918.TW,resolved,,https://hk.finance.yahoo.com/quote/6918.TW/analysis/,2026-10-06,,,,,,,0.0,0.0,0.0,0.0,,,,,,,,,,,,,,,false,,,,,,,,,,,,,,,,missing_factset,Symbol not found in FactSet report,fresh,70,success,,2026-10-06 22:55:42,2026-10-06 22:56:53
6925,意藍,TWO,6925.TWO,fallback_to_two,,https://hk.finance.yahoo.com/quote/6925.TWO/analysis/,2026-10-06,,,,,,,0.0,0.0,0.0,0.0,,,,,,,,,,,,,,,false,,,,,,,,,,,,,,,,missing_factset,Symbol not found in FactSet report,fresh,70,success,,2026-10-06 22:55:44,2026-10-06 22:56:53
7749,意騰-KY,TW,7749.TW,resolved,,https://hk.finance.yahoo.com/quote/7749.TW/analysis/,2026-10-06,,,4.95,4.41,16.48,,642000000.0,596000000.0,2321000000.0,0.0,,0.0,0.0,0.0,0.0,16.48,0.0,,,2026-06-30 00:00:00,4.06,3.81,0/1,-6.16,false,,,,,,,,,,,,,,,,missing_factset,Symbol not found in FactSet report,fresh,70,success,,2026-10-06 22:55:45,2026-10-06 22:56:53
2449,京元電子,TW,2449.TW,resolved,,https://hk.finance.yahoo.com/quote/2449.TW/analysis/,2026-10-06,,,2.17406,2.77679,8.87744,14.6247,12120795410.0,14183439710.0,47782939970.0,70328242770.0,0.0392,0.0,3.0,0.0,1.0,8.87744,9.15152,14.6247,14.68,2026-06-30 00:00:00,2.04956,2.04,1/4,-0.2225,true,,9.4,8.82,0.05744,0.006512,14.38,0.2447,0.017017,47785150000.0,-2210030.0,-4.6e-05,70203330000.0,124912770.0,0.001779,revenue_current_year=1000; revenue_next_year=1000,matched,,fresh,85,success,,2026-10-06 22:55:46,2026-10-06 22:56:53
2345,智邦,TW,2345.TW,resolved,,https://hk.finance.yahoo.com/quote/2345.TW/analysis/,2026-10-06,,,24.68949,26.24869,86.4608,113.50247,117777238840.0,122185058190.0,409738386690.0,523020549850.0,0.8478,0.0,0.0,0.0,1.0,86.4608,83.15805,113.50247,106.74797,2026-06-30 00:00:00,19.43356,19.78,4/4,5.7725,true,,8.9,85.75,0.7108,0.008289,115.92,-2.41753,-0.020855,402106860000.0,7631526690.0,0.018979,530950510000.0,-7929960150.0,-0.014935,revenue_current_year=1000; revenue_next_year=1000,matched,,fresh,85,success,,2026-10-06 22:55:47,2026-10-06 22:56:53
6510,精測,TWO,6510.TWO,fallback_to_two,,https://hk.finance.yahoo.com/quote/6510.TWO/analysis/,2026-10-06,,,17.08578,20.89417,63.46824,113.15502,1944410330.0,2254728690.0,7195968800.0,11439761170.0,1.0912,2.0,1.0,1.0,1.0,63.46824,68.46013,113.15502,113.51324,2026-06-30 00:00:00,12.76071,14.8,4/4,16.5375,false,,,,,,,,,,,,,,,,missing_factset,Symbol not found in FactSet report,fresh,70,success,,2026-10-06 22:55:49,2026-10-06 22:56:53
3661,世芯-KY,TW,3661.TW,resolved,,https://hk.finance.yahoo.com/quote/3661.TW/analysis/,2026-10-06,,,47.14,71.215,147.86299,188.36166,25769678560.0,33315350680.0,77010193120.0,115302979280.0,1.1902,1.0,0.0,8.0,2.0,147.86299,135.1536,188.36166,178.4331,2026-06-30 00:00:00,19.64394,18.72,2/4,7.265,true,,9.0,140.79,7.07299,0.050238,187.37,0.99166,0.005293,72957080000.0,4053113120.0,0.055555,114997410000.0,305569280.0,0.002657,revenue_current_year=1000; revenue_next_year=1000,matched,,fresh,85,success,,2026-10-06 22:55:50,2026-10-06 22:56:53
2881,富邦金,TW,2881.TW,resolved,,https://hk.finance.yahoo.com/quote/2881.TW/analysis/,2026-10-06,,,2.43667,2.09333,10.93299,10.35272,98510774670.0,111995923330.0,401715468000.0,448047265400.0,0.3062,0.0,1.0,0.0,1.0,10.93299,10.49181,10.35272,10.60812,2026-06-30 00:00:00,4.19,8.7178,4/4,60.597502,true,,8.6,11.05,-0.11701,-0.010589,10.33,0.02272,0.002199,449467200000.0,-47751732000.0,-0.106241,417686200000.0,30361065400.0,0.072689,revenue_current_year=1000; revenue_next_year=1000,matched,,fresh,85,success,,2026-10-06 22:55:51,2026-10-06 22:56:53
2882,國泰金,TW,2882.TW,resolved,,https://hk.finance.yahoo.com/quote/2882.TW/analysis/,2026-10-06,,,2.39,1.44,8.97449,8.77702,102719287000.0,96638398330.0,374132018170.0,361094346400.0,0.2712,0.0,0.0,2.0,0.0,8.97449,8.2535,8.77702,8.30231,2026-06-30 00:00:00,2.38,2.8,4/4,32.93,true,,8.6,9.0,-0.02551,-0.002834,9.02,-0.24298,-0.026938,340701590000.0,33430428170.0,0.098122,325422960000.0,35671386400.0,0.109615,revenue_current_year=1000; revenue_next_year=1000,matched,,fresh,85,success,,2026-10-06 22:55:53,2026-10-06 22:56:53
2891,中信金,TW,2891.TW,resolved,,https://hk.finance.yahoo.com/quote/2891.TW/analysis/,2026-10-06,,,1.2175,1.115,4.2219,4.50469,58010000000.0,60462500000.0,234575810280.0,252751015690.0,0.0399,1.0,0.0,1.0,0.0,4.2219,4.3662,4.50469,4.70056,2026-06-30 00:00:00,0.99667,0.78,3/4,7.64,true,,8.9,4.2,0.0219,0.005214,4.55,-0.04531,-0.009958,227827110000.0,6748700280.0,0.029622,243101830000.0,9649185690.0,0.039692,revenue_current_year=1000; revenue_next_year=1000,matched,,fresh,85,success,,2026-10-06 22:55:54,2026-10-06 22:56:53
2884,玉山金,TW,2884.TW,resolved,,https://hk.finance.yahoo.com/quote/2884.TW/analysis/,2026-10-06,,,0.65333,0.55333,2.5115,2.73557,30125861670.0,25794098000.0,105309530360.0,114367689000.0,0.1847,1.0,0.0,1.0,0.0,2.5115,2.42742,2.73557,2.5374,2026-06-30 00:00:00,0.7,0.7,4/4,1.4125,true,,8.8,2.42,0.0915,0.03781,2.52,0.21557,0.085544,110424950000.0,-5115419640.0,-0.046325,123927480000.0,-9559791000.0,-0.07714,revenue_current_year=1000; revenue_next_year=1000,matched,,fresh,85,success,,2026-10-06 22:55:55,2026-10-06 22:56:53
3711,日月光投控,TW,3711.TW,resolved,,https://hk.finance.yahoo.com/quote/3711.TW/analysis/,2026-10-06,,,5.12252,5.82977,18.70398,28.41935,233360868920.0,245439401840.0,838946979270.0,1044476776910.0,1.1039,2.0,0.0,2.0,0.0,18.70398,17.08018,28.41935,24.94421,2026-06-30 00:00:00,3.85809,4.61,4/4,16.3075,true,,9.4,18.66,0.04398,0.002357,28.23,0.18935,0.006707,836066120000.0,2880859270.0,0.003446,1045694580000.0,-1217803090.0,-0.001165,revenue_current_year=1000; revenue_next_year=1000,matched,,fresh,85,success,,2026-10-06 22:55:56,2026-10-06 22:56:53
2408,南亞科,TW,2408.TW,resolved,,https://hk.finance.yahoo.com/quote/2408.TW/analysis/,2026-10-06,,,24.01997,25.98824,69.46359,102.048,116111534160.0,123479479580.0,368242533170.0,550878564720.0,31.612,1.0,0.0,3.0,0.0,69.46359,49.48761,102.048,63.92828,2026-06-30 00:00:00,12.94536,14.66,4/4,43.7625,true,,8.3,65.91,3.55359,0.053916,102.56,-0.512,-0.004992,366459170000.0,1783363170.0,0.004866,570951010000.0,-20072445280.0,-0.035156,revenue_current_year=1000; revenue_next_year=1000,matched,,fresh,85,success,,2026-10-06 22:55:58,2026-10-06 22:56:53
2360,致茂,TW,2360.TW,resolved,,https://hk.finance.yahoo.com/quote/2360.TW/analysis/,2026-10-06,,,11.8831,12.15545,45.06554,67.52805,14857062080.0,14918453290.0,54804358300.0,76430527640.0,0.6382,6.0,3.0,6.0,3.0,45.06554,42.51798,67.52805,63.73936,2026-06-30 00:00:00,10.64927,12.1,4/4,44.509997,true,,8.9,44.3,0.76554,0.017281,64.95,2.57805,0.039693,53963770000.0,840588300.0,0.015577,74585650000.0,1844877640.0,0.024735,revenue_current_year=1000; revenue_next_year=1000,matched,,fresh,85,success,,2026-10-06 22:55:59,2026-10-06 22:56:53
3653,健策,TW,3653.TW,resolved,,https://hk.finance.yahoo.com/quote/3653.TW/analysis/,2026-10-06,,,21.55712,23.27999,70.1574,151.12592,9755437430.0,10533291940.0,32841429070.0,61769037220.0,0.9413,1.0,0.0,5.0,0.0,70.1574,57.85926,151.12592,123.42289,2026-06-30 00:00:00,13.39515,15.78,2/3,5.293333,true,,8.9,62.01,8.1474,0.131388,126.48,24.64592,0.19486,30689980000.0,2151449070.0,0.070103,55140600000.0,6628437220.0,0.12021,revenue_current_year=1000; revenue_next_year=1000,matched,,fresh,85,success,,2026-10-06 22:56:00,2026-10-06 22:56:53
3665,貿聯-KY,TW,3665.TW,resolved,,https://hk.finance.yahoo.com/quote/3665.TW/analysis/,2026-10-06,,,19.4638,23.812,69.13,128.56168,27468703450.0,32468800000.0,104714333330.0,162898500000.0,0.4921,1.0,0.0,1.0,1.0,69.13,67.14807,128.56168,106.81596,2026-06-30 00:00:00,14.94,15.2,1/4,-3.4475,true,,9.4,68.35,0.78,0.011412,120.44,8.12168,0.067433,101480850000.0,3233483330.0,0.031863,150296200000.0,12602300000.0,0.08385,revenue_current_year=1000; revenue_next_year=1000,matched,,fresh,85,success,,2026-10-06 22:56:01,2026-10-06 22:56:53
0000,台灣加權指數,TW,,skipped_index,,,2026-10-06,,,,,,,,,,,,,,,,,,,,,,,,,false,,,,,,,,,,,,,,,,missing_factset,Symbol not found in FactSet report,missing,0,skipped_index,Index symbol is skipped for Yahoo Finance analyst analysis,2026-10-06 22:56:02,2026-10-06 22:56:53
2344,華邦電,TW,2344.TW,resolved,,https://hk.finance.yahoo.com/quote/2344.TW/analysis/,2026-10-06,,,7.738,10.1,25.418,52.54831,79702960260.0,93900729130.0,275911000000.0,486314908790.0,27.8841,0.0,0.0,2.0,0.0,25.418,21.66239,52.54831,36.50545,2026-06-30 00:00:00,4.93793,5.4,4/4,11.205,true,,8.7,25.63,-0.212,-0.008272,50.19,2.35831,0.046988,276906610000.0,-995610000.0,-0.003595,478729980000.0,7584928790.0,0.015844,revenue_current_year=1000; revenue_next_year=1000,matched,,fresh,85,success,,2026-10-06 22:56:03,2026-10-06 22:56:53
2337,旺宏,TW,2337.TW,resolved,,https://hk.finance.yahoo.com/quote/2337.TW/analysis/,2026-10-06,,,6.20338,8.78134,19.6119,41.6037,25594531330.0,29663357710.0,85962610140.0,143539920140.0,12.0802,3.0,1.0,3.0,1.0,19.6119,14.86987,41.6037,35.05413,2026-06-30 00:00:00,2.63911,3.91,3/4,19.9625,true,,8.3,15.96,3.6519,0.228816,39.77,1.8337,0.046108,83638700000.0,2323910140.0,0.027785,157910160000.0,-14370239860.0,-0.091003,revenue_current_year=1000; revenue_next_year=1000,large_diff,eps_current_year diff_pct=0.2288,large_diff,60,success,,2026-10-06 22:56:05,2026-10-06 22:56:53
3443,創意,TW,3443.TW,resolved,,https://hk.finance.yahoo.com/quote/3443.TW/analysis/,2026-10-06,,,12.56725,17.26813,53.45228,121.13353,16266329150.0,20865925720.0,61107538460.0,138568992510.0,0.9002,3.0,0.0,3.0,0.0,53.45228,47.18499,121.13353,96.59166,2026-06-30 00:00:00,9.99653,11.59,3/4,15.1725,true,,8.6,48.59,4.86228,0.100068,102.88,18.25353,0.177425,56466690000.0,4640848460.0,0.082187,115250650000.0,23318342510.0,0.202327,revenue_current_year=1000; revenue_next_year=1000,large_diff,revenue_next_year diff_pct=0.2023,large_diff,60,success,,2026-10-06 22:56:06,2026-10-06 22:56:53
0050,元大台灣50,TW,0050.TW,not_found,,https://hk.finance.yahoo.com/quote/0050.TW/analysis/,2026-10-06,,,,,,,,,,,,,,,,,,,,,,,,,false,,,,,,,,,,,,,,,,missing_factset,Symbol not found in FactSet report,missing,0,empty,Yahoo Finance analysis returned no tables,2026-10-06 22:56:07,2026-10-06 22:56:53
0050,元大台灣50,TWO,0050.TWO,not_found,,https://hk.finance.yahoo.com/quote/0050.TWO/analysis/,2026-10-06,,,,,,,,,,,,,,,,,,,,,,,,,false,,,,,,,,,,,,,,,,missing_factset,Symbol not found in FactSet report,missing,0,empty,Yahoo Finance analysis returned no tables,2026-10-06 22:56:08,2026-10-06 22:56:53
0052,富邦科技,TW,0052.TW,not_found,,https://hk.finance.yahoo.com/quote/0052.TW/analysis/,2026-10-06,,,,,,,,,,,,,,,,,,,,,,,,,false,,,,,,,,,,,,,,,,missing_factset,Symbol not found in FactSet report,missing,0,empty,Yahoo Finance analysis returned no tables,2026-10-06 22:56:10,2026-10-06 22:56:53
0052,富邦科技,TWO,0052.TWO,not_found,,https://hk.finance.yahoo.com/quote/0052.TWO/analysis/,2026-10-06,,,,,,,,,,,,,,,,,,,,,,,,,false,,,,,,,,,,,,,,,,missing_factset,Symbol not found in FactSet report,missing,0,empty,Yahoo Finance analysis returned no tables,2026-10-06 22:56:10,2026-10-06 22:56:53
2851,中再保,TW,2851.TW,resolved,,https://hk.finance.yahoo.com/quote/2851.TW/analysis/,2026-10-06,,,,,,,0.0,0.0,0.0,0.0,,,,,,,,,,,,,,,false,,,,,,,,,,,,,,,,missing_factset,Symbol not found in FactSet report,fresh,70,success,,2026-10-06 22:56:12,2026-10-06 22:56:53
6414,樺漢,TW,6414.TW,resolved,,https://hk.finance.yahoo.com/quote/6414.TW/analysis/,2026-10-06,,,7.0775,7.54,27.12306,32.97788,49368000000.0,52648250000.0,188151073400.0,214131552170.0,0.1661,0.0,2.0,0.0,1.0,27.12306,25.63722,32.97788,30.08997,2026-06-30 00:00:00,7.065,6.74,2/4,8.8575,false,,,,,,,,,,,,,,,,missing_factset,Symbol not found in FactSet report,fresh,70,success,,2026-10-06 22:56:13,2026-10-06 22:56:53
6166,凌華,TW,6166.TW,resolved,,https://hk.finance.yahoo.com/quote/6166.TW/analysis/,2026-10-06,,,1.35,1.51,5.98,7.13,3989000000.0,4069000000.0,15962000000.0,18069000000.0,1.5556,0.0,1.0,0.0,1.0,5.98,4.12,7.13,5.0,2026-06-30 00:00:00,,1.54,0/1,-5.75,false,,,,,,,,,,,,,,,,missing_factset,Symbol not found in FactSet report,fresh,70,success,,2026-10-06 22:56:14,2026-10-06 22:56:53
6579,研揚,TW,6579.TW,resolved,,https://hk.finance.yahoo.com/quote/6579.TW/analysis/,2026-10-06,,,,,,,0.0,0.0,0.0,0.0,,,,,,,,,,2018-03-31 00:00:00,0.84781,2.42914,2/3,77.893333,false,,,,,,,,,,,,,,,,missing_factset,Symbol not found in FactSet report,fresh,70,success,,2026-10-06 22:56:15,2026-10-06 22:56:53
8234,新漢,TWO,8234.TWO,fallback_to_two,,https://hk.finance.yahoo.com/quote/8234.TWO/analysis/,2026-10-06,,,,,,,0.0,0.0,0.0,0.0,,,,,,,,,,2016-03-31 00:00:00,0.31,0.31,2/2,15.115,false,,,,,,,,,,,,,,,,missing_factset,Symbol not found in FactSet report,fresh,70,success,,2026-10-06 22:56:17,2026-10-06 22:56:53
3479,安勤,TWO,3479.TWO,fallback_to_two,,https://hk.finance.yahoo.com/quote/3479.TWO/analysis/,2026-10-06,,,2.43,2.38333,8.745,10.28333,2667000000.0,2679000000.0,9920500000.0,11109333330.0,,0.0,1.0,0.0,1.0,8.745,7.9,10.28333,9.45,2026-06-30 00:00:00,1.82,1.72,1/4,7.025,false,,,,,,,,,,,,,,,,missing_factset,Symbol not found in FactSet report,fresh,70,success,,2026-10-06 22:56:19,2026-10-06 22:56:53
6245,立端,TWO,6245.TWO,fallback_to_two,,https://hk.finance.yahoo.com/quote/6245.TWO/analysis/,2026-10-06,,,,,,,0.0,0.0,0.0,0.0,,,,,,,,,,,,,,,false,,,,,,,,,,,,,,,,missing_factset,Symbol not found in FactSet report,fresh,70,success,,2026-10-06 22:56:21,2026-10-06 22:56:53
8050,廣積,TWO,8050.TWO,fallback_to_two,,https://hk.finance.yahoo.com/quote/8050.TWO/analysis/,2026-10-06,,,,,,,0.0,0.0,0.0,0.0,,,,,,,,,,2024-03-31 00:00:00,1.11,1.37,1/4,-33.4575,false,,,,,,,,,,,,,,,,missing_factset,Symbol not found in FactSet report,fresh,70,success,,2026-10-06 22:56:23,2026-10-06 22:56:53
5347,世界,TWO,5347.TWO,fallback_to_two,,https://hk.finance.yahoo.com/quote/5347.TWO/analysis/,2026-10-06,,,1.58135,1.71676,6.04379,7.40756,15421574230.0,16348996210.0,58548141610.0,76614402580.0,0.4322,5.0,5.0,5.0,5.0,6.04379,5.75005,7.40756,6.21127,2026-06-30 00:00:00,1.52172,1.56,2/4,-1.72,true,,9.4,5.88,0.16379,0.027855,7.14,0.26756,0.037473,58429950000.0,118191610.0,0.002023,76629890000.0,-15487420.0,-0.000202,revenue_current_year=1000; revenue_next_year=1000,matched,,fresh,85,success,,2026-10-06 22:56:24,2026-10-06 22:56:53
6770,力積電,TW,6770.TW,resolved,,https://hk.finance.yahoo.com/quote/6770.TW/analysis/,2026-10-06,,,0.98025,1.48732,5.66,7.95912,19218199140.0,23934460860.0,74645529500.0,110613537270.0,4.043,1.0,0.0,2.0,2.0,5.66,5.77831,7.95912,4.54137,2026-06-30 00:00:00,0.65049,0.75,2/4,-172.5,false,,,,,,,,,,,,,,,,missing_factset,Symbol not found in FactSet report,fresh,70,success,,2026-10-06 22:56:26,2026-10-06 22:56:53
TSM,Taiwan Semiconductor Manufacturing Company Limited,US,TSM,resolved,TSMC概念,https://hk.finance.yahoo.com/quote/TSM/analysis/,2026-10-06,,,4.47918,4.97647,16.9565,22.04995,1455552055340.0,1608156037790.0,5448543070090.0,7353310253090.0,0.5922,1.0,0.0,2.0,0.0,16.9565,15.91728,22.04995,20.29601,2026-06-30 00:00:00,3.88658,4.31,4/4,8.0825,false,,,,,,,,,,,,,,,,missing_factset,Symbol not found in FactSet report,fresh,70,success,,2026-10-06 22:56:27,2026-10-06 22:56:53
NVDA,NVIDIA Corporation,US,NVDA,resolved,nVidia概念,https://hk.finance.yahoo.com/quote/NVDA/analysis/,2026-10-06,,,2.47325,2.74622,9.31242,15.79923,108976837760.0,124482697730.0,411653409840.0,687451055880.0,0.9523,0.0,0.0,35.0,2.0,9.31242,8.93743,15.79923,12.71023,2026-07-31 00:00:00,2.09113,2.22,4/4,5.12,false,,,,,,,,,,,,,,,,missing_factset,Symbol not found in FactSet report,fresh,70,success,,2026-10-06 22:56:28,2026-10-06 22:56:53
AVGO,Broadcom Inc.,US,AVGO,resolved,Broadcom概念,https://hk.finance.yahoo.com/quote/AVGO/analysis/,2026-10-06,,,3.82763,4.07938,11.65755,19.39382,34888468920.0,36966254090.0,105972843240.0,173928264520.0,0.7093,0.0,1.0,9.0,24.0,11.65755,11.6237,19.39382,19.4616,2026-07-31 00:00:00,3.238,3.32,4/4,2.4925,false,,,,,,,,,,,,,,,,missing_factset,Symbol not found in FactSet report,fresh,70,success,,2026-10-06 22:56:29,2026-10-06 22:56:53
GOOGL,Alphabet Inc.,US,GOOGL,resolved,Google概念,https://hk.finance.yahoo.com/quote/GOOGL/analysis/,2026-10-06,,,3.02513,3.35022,20.63359,14.94959,127299607260.0,141535105520.0,498689732970.0,615037644560.0,0.124,1.0,0.0,2.0,2.0,20.63359,14.22321,14.94959,14.54476,2026-06-30 00:00:00,2.89914,9.11,4/4,84.9275,false,,,,,,,,,,,,,,,,missing_factset,Symbol not found in FactSet report,fresh,70,success,,2026-10-06 22:56:30,2026-10-06 22:56:53
AMZN,Amazon.com Inc.,US,AMZN,resolved,Amazon概念,https://hk.finance.yahoo.com/quote/AMZN/analysis/,2026-10-06,,,1.94595,2.43759,12.88199,10.50992,202027031620.0,244176804230.0,828436052720.0,948443125530.0,0.1586,1.0,0.0,4.0,1.0,12.88199,8.68651,10.50992,9.98802,2026-06-30 00:00:00,1.82604,5.75,3/4,76.945,false,,,,,,,,,,,,,,,,missing_factset,Symbol not found in FactSet report,fresh,70,success,,2026-10-06 22:56:32,2026-10-06 22:56:53
META,Meta Platforms Inc.,US,META,resolved,Meta概念,https://hk.finance.yahoo.com/quote/META/analysis/,2026-10-06,,,6.33807,8.26384,31.16832,34.06532,63329245590.0,73704896660.0,254164485210.0,306488920930.0,0.0375,0.0,2.0,0.0,5.0,31.16832,32.89935,34.06532,34.97462,2026-06-30 00:00:00,7.22143,6.18,2/4,-8.492498,false,,,,,,,,,,,,,,,,missing_factset,Symbol not found in FactSet report,fresh,70,success,,2026-10-06 22:56:33,2026-10-06 22:56:53
-,OpenAI,US,-,skipped_private_or_missing_ticker,OpenAI概念,https://hk.finance.yahoo.com/quote/-/analysis/,2026-10-06,,,,,,,,,,,,,,,,,,,,,,,,,false,,,,,,,,,,,,,,,,missing_factset,Symbol not found in FactSet report,missing,0,skipped_private_or_missing_ticker,Private company or missing ticker,2026-10-06 22:56:34,2026-10-06 22:56:53
MSFT,Microsoft Corporation,US,MSFT,resolved,Microsoft概念,https://hk.finance.yahoo.com/quote/MSFT/analysis/,2026-10-06,,,4.72336,4.82904,19.76867,23.67732,90672793730.0,95603147220.0,391266912680.0,467964000560.0,0.144,1.0,0.0,17.0,5.0,19.76867,19.38995,23.67732,22.5997,2026-06-30 00:00:00,4.23939,4.74,4/4,8.7825,false,,,,,,,,,,,,,,,,missing_factset,Symbol not found in FactSet report,fresh,70,success,,2026-10-06 22:56:35,2026-10-06 22:56:53
AMD,Advanced Micro Devices,US,AMD,resolved,AMD概念,https://hk.finance.yahoo.com/quote/AMD/analysis/,2026-10-06,,,1.92939,2.65104,7.5868,15.72189,13058084460.0,16125219960.0,50948325430.0,88941679040.0,0.8194,22.0,4.0,25.0,3.0,7.5868,7.39229,15.72189,13.19926,2026-06-30 00:00:00,1.60841,1.66,4/4,6.8725,false,,,,,,,,,,,,,,,,missing_factset,Symbol not found in FactSet report,fresh,70,success,,2026-10-06 22:56:36,2026-10-06 22:56:53
AAPL,Apple Inc.,US,AAPL,resolved,Apple概念,https://hk.finance.yahoo.com/quote/AAPL/analysis/,2026-10-06,,,1.97865,2.90586,8.82022,9.57579,113624521680.0,154392842060.0,477854311900.0,527983970540.0,0.1838,1.0,0.0,7.0,14.0,8.82022,8.7595,9.57579,9.68261,2026-06-30 00:00:00,1.89243,2.02,4/4,5.265,false,,,,,,,,,,,,,,,,missing_factset,Symbol not found in FactSet report,fresh,70,success,,2026-10-06 22:56:38,2026-10-06 22:56:53
ORCL,Oracle Corporation,US,ORCL,resolved,Oracle概念,https://hk.finance.yahoo.com/quote/ORCL/analysis/,2026-10-06,,,1.89225,2.02218,8.1414,10.99719,21321875010.0,23379576170.0,90448756050.0,131711026710.0,0.067,16.0,4.0,15.0,13.0,8.1414,8.04521,10.99719,10.9216,2026-08-31 00:00:00,1.73834,1.92,4/4,15.425,false,,,,,,,,,,,,,,,,missing_factset,Symbol not found in FactSet report,fresh,70,success,,2026-10-06 22:56:39,2026-10-06 22:56:53
MU,"Micron Technology, Inc.",US,MU,resolved,Micron概念,https://hk.finance.yahoo.com/quote/MU/analysis/,2026-10-06,,,38.21061,42.12014,176.15115,206.33243,61670130780.0,66970314159.0,275010403860.0,314639557340.0,1.3842,4.0,1.0,6.0,1.0,176.15115,150.00752,206.33243,163.34702,2026-08-31 00:00:00,31.81801,33.42,3/3,14.726667,false,,,,,,,,,,,,,,,,missing_factset,Symbol not found in FactSet report,fresh,70,success,,2026-10-06 22:56:52,2026-10-06 22:56:53
SNDK,Sandisk Corp,US,SNDK,resolved,SanDisk概念,https://hk.finance.yahoo.com/quote/SNDK/analysis/,2026-10-06,,,46.18405,52.78862,214.38243,265.24146,10680448060.0,12228708150.0,49058734190.0,58283427000.0,2.0246,9.0,3.0,10.0,3.0,214.38243,204.4716,265.24146,232.88255,2026-06-30 00:00:00,34.515,39.25,4/4,46.312499,false,,,,,,,,,,,,,,,,missing_factset,Symbol not found in FactSet report,fresh,70,success,,2026-10-06 22:56:41,2026-10-06 22:56:53
QCOM,Qualcomm Inc.,US,QCOM,resolved,Qualcomm概念,https://hk.finance.yahoo.com/quote/QCOM/analysis/,2026-10-06,,,2.15685,2.29722,10.48422,10.19665,10138218290.0,10584807730.0,42876184110.0,44910753120.0,-0.1285,0.0,0.0,0.0,0.0,10.48422,10.80199,10.19665,11.00809,2026-06-30 00:00:00,2.22643,2.21,3/4,2.4475,false,,,,,,,,,,,,,,,,missing_factset,Symbol not found in FactSet report,fresh,70,success,,2026-10-06 22:56:42,2026-10-06 22:56:53
LNVGY,Lenovo Group ADR,US,LNVGY,resolved,Lenovo概念,https://hk.finance.yahoo.com/quote/LNVGY/analysis/,2026-10-06,,,,,3.64613,8.64222,27110848780.0,27295887940.0,106541653190.0,121283095390.0,0.223,,,,,3.64613,2.29044,8.64222,0.0,,,,,,false,,,,,,,,,,,,,,,,missing_factset,Symbol not found in FactSet report,fresh,70,success,,2026-10-06 22:56:44,2026-10-06 22:56:53
DELL,Dell Technologies,US,DELL,resolved,Dell概念,https://hk.finance.yahoo.com/quote/DELL/analysis/,2026-10-06,,,6.55748,6.87486,25.89761,24.66365,49189581750.0,53497660480.0,193444296410.0,225433314380.0,1.5143,0.0,0.0,22.0,0.0,25.89761,18.37321,24.66365,18.3525,2026-07-31 00:00:00,4.91833,7.04,4/4,30.605,false,,,,,,,,,,,,,,,,missing_factset,Symbol not found in FactSet report,fresh,70,success,,2026-10-06 22:56:45,2026-10-06 22:56:53
HPQ,HP Inc.,US,HPQ,resolved,HPQ概念,https://hk.finance.yahoo.com/quote/HPQ/analysis/,2026-10-06,,,0.74586,0.70386,3.24467,3.13797,15316849050.0,14655560580.0,59853199990.0,59941952410.0,0.04,11.0,0.0,11.0,0.0,3.24467,3.01698,3.13797,3.00999,2026-07-31 00:00:00,0.69175,0.83,4/4,11.655,false,,,,,,,,,,,,,,,,missing_factset,Symbol not found in FactSet report,fresh,70,success,,2026-10-06 22:56:46,2026-10-06 22:56:53
HPE,Hewlett Packard Enterprise Co.,US,HPE,resolved,HPE概念,https://hk.finance.yahoo.com/quote/HPE/analysis/,2026-10-06,,,1.27286,1.04172,3.82611,4.70878,14368789340.0,12743958090.0,46484401570.0,54696550120.0,0.9722,0.0,0.0,17.0,0.0,3.82611,3.42307,4.70878,4.0384,2026-07-31 00:00:00,0.93739,1.11,4/4,20.934999,false,,,,,,,,,,,,,,,,missing_factset,Symbol not found in FactSet report,fresh,70,success,,2026-10-06 22:56:47,2026-10-06 22:56:53
INTC,Intel Corporation,US,INTC,resolved,Intel概念,https://hk.finance.yahoo.com/quote/INTC/analysis/,2026-10-06,,,0.39091,0.4317,1.52147,2.08267,16434269030.0,17005443980.0,63098987310.0,72412722120.0,2.6225,0.0,2.0,30.0,0.0,1.52147,1.09325,2.08267,1.53842,2026-06-30 00:00:00,0.21584,0.42,4/4,1361.797499,false,,,,,,,,,,,,,,,,missing_factset,Symbol not found in FactSet report,fresh,70,success,,2026-10-06 22:56:49,2026-10-06 22:56:53
ASML,ASML Holding N.V.,US,ASML,resolved,ASML概念,https://hk.finance.yahoo.com/quote/ASML/analysis/,2026-10-06,,,10.64854,13.27016,38.35174,51.92387,11685730960.0,14054870760.0,42883992710.0,54613005900.0,0.5521,12.0,0.0,11.0,0.0,38.35174,31.86086,51.92387,43.29313,2026-06-30 00:00:00,6.94813,7.58,3/4,4.125,false,,,,,,,,,,,,,,,,missing_factset,Symbol not found in FactSet report,fresh,70,success,,2026-10-06 22:56:50,2026-10-06 22:56:53
ARM,Arm Holdings plc,US,ARM,resolved,ARM概念,https://hk.finance.yahoo.com/quote/ARM/analysis/,2026-10-06,,,0.47338,0.5507,2.22817,3.06276,1375935220.0,1524193390.0,6058451630.0,8253431750.0,0.2589,1.0,0.0,24.0,1.0,2.22817,2.17526,3.06276,3.08093,2026-06-30 00:00:00,0.4038,0.45,4/4,9.45,false,,,,,,,,,,,,,,,,missing_factset,Symbol not found in FactSet report,fresh,70,success,,2026-10-06 22:56:51,2026-10-06 22:56:53
