stock_code,company_name,forecast_asof_date,earnings_0q_avg,earnings_1q_avg,earnings_0y_avg,earnings_1y_avg,revenue_0q_avg,revenue_1q_avg,revenue_0y_avg,revenue_1y_avg
2330,台積電,2022-04-08,7.08,7.33,30.52,34.81,468710000000.0,483920000000.0,2020000000000.0,2360000000000.0
2330,台積電,2024-04-16,8.27,8.75,38.56,48.02,581800000000.0,616700000000.0,2680000000000.0,3210000000000.0
2330,台積電,2024-06-21,8.93,10.54,39.36,49.72,650210000000.0,725520000000.0,2740000000000.0,3310000000000.0
2330,台積電,2024-07-29,11.33,12.2,41.56,53.16,746280000000.0,797700000000.0,2800000000000.0,3450000000000.0
2330,台積電,2024-09-26,11.33,12.2,41.56,53.16,746280000000.0,797700000000.0,2800000000000.0,3450000000000.0
2330,台積電,2024-10-13,11.33,12.2,41.56,53.16,,,,
2330,台積電,2026-01-28,11.33,12.2,41.56,53.16,746280000000.0,797700000000.0,2800000000000.0,3450000000000.0
2382,廣達,2024-08-10,2.82,3.63,13.83,17.62,299830000000.0,412200000000.0,1480000000000.0,2250000000000.0
2357,華碩,2024-04-22,4.77,5.28,29.92,34.08,117910000000.0,121960000000.0,531690000000.00006,581520000000.0
