代號,名稱,股票代號,MD日期,分析師數量,目標價,2025EPS最高值,2025EPS最低值,2025EPS平均值,2025EPS中位數,2026EPS最高值,2026EPS最低值,2026EPS平均值,2026EPS中位數,2027EPS最高值,2027EPS最低值,2027EPS平均值,2027EPS中位數,2028EPS最高值,2028EPS最低值,2028EPS平均值,2028EPS中位數,2025營收最高值,2025營收最低值,2025營收平均值,2025營收中位數,2026營收最高值,2026營收最低值,2026營收平均值,2026營收中位數,2027營收最高值,2027營收最低值,2027營收平均值,2027營收中位數,2028營收最高值,2028營收最低值,2028營收平均值,2028營收中位數,品質評分,狀態,驗證狀態,MD File,搜尋日期,處理日期,download_timestamp,process_timestamp
2301,光寶科,2301-TW,2025-10-30,13,184.5,6.98,5.97,6.55,6.54,9.69,7.05,8.26,8.35,12.32,8.95,10.63,10.31,,,,,170677370.00,159320000.00,165307890.00,165630500.00,216238190.00,177188940.00,193244530.00,194215000.00,284520000.00,189316270.00,230177360.00,224366550.00,,,,,8.9,🟡 良好,✅ 通過,https://raw.githubusercontent.com/wenchiehlee/GoogleSearch/refs/heads/main/data/md/2301_%E5%85%89%E5%AF%B6%E7%A7%91_factset_f63f76ee.md,2026-04-27 19:28:36,2026-04-29 21:37:14,2026-04-29 21:37:14,2026-04-29 21:37:14
2301,光寶科,2301-TW,2025-10-02,13,145.0,6.97,6.01,6.43,6.40,8.96,6.85,7.84,7.80,12.32,7.70,9.85,9.95,,,,,170352000.00,159320000.00,163511570.00,162546790.00,213401000.00,172046000.00,185530230.00,180801000.00,284520000.00,189316270.00,219672770.00,194643570.00,,,,,8.9,🟡 良好,✅ 通過,https://raw.githubusercontent.com/wenchiehlee/GoogleSearch/refs/heads/main/data/md/2301_%E5%85%89%E5%AF%B6%E7%A7%91_factset_82a9518e.md,2026-04-23 19:14:38,2026-04-29 21:37:14,2026-04-29 21:37:14,2026-04-29 21:37:14
2303,聯電,2303-TW,2026-02-07,21,67.0,,,,,4.66,3.17,3.84,3.87,5.50,3.56,4.58,4.53,5.29,5.29,5.29,5.29,,,,,275955000.00,245325680.00,260049180.00,260043000.00,306066910.00,256491000.00,283551770.00,284213770.00,306296000.00,306296000.00,306296000.00,306296000.00,9.7,🟢 優秀,✅ 通過,https://raw.githubusercontent.com/wenchiehlee/GoogleSearch/refs/heads/main/data/md/2303_%E8%81%AF%E9%9B%BB_factset_f33ccac7.md,2026-04-28 19:52:03,2026-04-29 21:37:14,2026-04-29 21:37:14,2026-04-29 21:37:14
2303,聯電,2303-TW,2026-02-07,21,67.0,,,,,4.66,3.17,3.84,3.87,5.50,3.56,4.58,4.53,5.29,5.29,5.29,5.29,,,,,275955000.00,245325680.00,260049180.00,260043000.00,306066910.00,256491000.00,283551770.00,284213770.00,306296000.00,306296000.00,306296000.00,306296000.00,9.7,🟢 優秀,✅ 通過,https://raw.githubusercontent.com/wenchiehlee/GoogleSearch/refs/heads/main/data/md/2303_%E8%81%AF%E9%9B%BB_factset_37a2595a.md,2026-02-11 19:32:16,2026-04-29 21:37:14,2026-04-29 21:37:14,2026-04-29 21:37:14
2303,聯電,2303-TW,2026-01-29,20,50.0,,,,,5.09,3.17,3.69,3.61,6.03,3.52,4.33,4.32,5.29,5.29,5.29,5.29,,,,,264735810.00,243900000.00,252378250.00,252475230.00,293181000.00,257913880.00,274715120.00,277019650.00,306296000.00,306296000.00,306296000.00,306296000.00,9.7,🟢 優秀,✅ 通過,https://raw.githubusercontent.com/wenchiehlee/GoogleSearch/refs/heads/main/data/md/2303_%E8%81%AF%E9%9B%BB_factset_f41e4ef0.md,2026-02-12 19:43:14,2026-04-29 21:37:14,2026-04-29 21:37:14,2026-04-29 21:37:14
2303,聯電,2303-TW,2026-01-29,21,51.0,,,,,5.09,3.17,3.73,3.68,6.03,3.52,4.41,4.47,5.29,5.29,5.29,5.29,,,,,268653000.00,243900000.00,253935410.00,252824000.00,301069000.00,258416000.00,278885340.00,280494390.00,306296000.00,306296000.00,306296000.00,306296000.00,9.7,🟢 優秀,✅ 通過,https://raw.githubusercontent.com/wenchiehlee/GoogleSearch/refs/heads/main/data/md/2303_%E8%81%AF%E9%9B%BB_factset_ada83357.md,2026-02-15 18:55:01,2026-04-29 21:37:14,2026-04-29 21:37:14,2026-04-29 21:37:14
2303,聯電,2303-TW,2026-01-29,20,50.0,,,,,5.09,3.17,3.69,3.61,6.03,3.52,4.33,4.32,5.29,5.29,5.29,5.29,,,,,264735810.00,243900000.00,252378250.00,252475230.00,293181000.00,257913880.00,274715120.00,277019650.00,306296000.00,306296000.00,306296000.00,306296000.00,9.7,🟢 優秀,✅ 通過,https://raw.githubusercontent.com/wenchiehlee/GoogleSearch/refs/heads/main/data/md/2303_%E8%81%AF%E9%9B%BB_factset_f1678f8e.md,2026-02-05 19:14:53,2026-04-29 21:37:14,2026-04-29 21:37:14,2026-04-29 21:37:14
2303,聯電,2303-TW,2025-11-03,23,45.75,3.43,2.72,3.19,3.31,4.35,2.93,3.57,3.54,5.02,3.21,4.08,3.99,,,,,239680000.00,231031350.00,235424150.00,235472000.00,266280360.00,235911000.00,249719800.00,248834500.00,289107610.00,250426880.00,271052630.00,273134880.00,,,,,9.7,🟢 優秀,✅ 通過,https://raw.githubusercontent.com/wenchiehlee/GoogleSearch/refs/heads/main/data/md/2303_%E8%81%AF%E9%9B%BB_factset_ac878974.md,2026-04-24 19:03:46,2026-04-29 21:37:14,2026-04-29 21:37:14,2026-04-29 21:37:14
2303,聯電,2303-TW,2025-08-04,20,45.4,3.10,2.51,2.84,2.87,3.93,2.62,3.38,3.47,4.34,2.80,3.75,3.92,,,,,239626000.00,228211000.00,232607310.00,232096860.00,266280000.00,227764000.00,244075490.00,245104040.00,289108000.00,241031890.00,261387720.00,258423680.00,,,,,9.7,🟢 優秀,✅ 通過,https://raw.githubusercontent.com/wenchiehlee/GoogleSearch/refs/heads/main/data/md/2303_%E8%81%AF%E9%9B%BB_factset_13c05217.md,2026-04-28 19:51:55,2026-04-29 21:37:14,2026-04-29 21:37:14,2026-04-29 21:37:14
2308,台達電,2308-TW,2026-04-22,23,1960.0,,,,,44.02,32.21,37.97,37.12,79.04,41.08,57.27,56.70,143.69,76.53,98.42,89.13,,,,,798447000.00,676268320.00,742493960.00,744352800.00,1192134000.00,778352000.00,986104680.00,991348000.00,1696694410.00,1320926990.00,1518081480.00,1538056000.00,9.7,🟢 優秀,✅ 通過,https://raw.githubusercontent.com/wenchiehlee/GoogleSearch/refs/heads/main/data/md/2308_%E5%8F%B0%E9%81%94%E9%9B%BB_factset_af28f228.md,2026-04-27 19:21:43,2026-04-29 21:37:14,2026-04-29 21:37:14,2026-04-29 21:37:14
2308,台達電,2308-TW,2026-02-27,20,1575.0,,,,,41.30,29.50,35.83,35.67,74.67,40.07,52.40,51.79,131.82,52.06,91.94,91.94,,,,,763323370.00,677294000.00,718466990.00,717261000.00,1067693000.00,780229000.00,932760600.00,929030000.00,1554357510.00,1045499000.00,1299928260.00,1299928260.00,9.5,🟢 優秀,✅ 通過,https://raw.githubusercontent.com/wenchiehlee/GoogleSearch/refs/heads/main/data/md/2308_%E5%8F%B0%E9%81%94%E9%9B%BB_factset_b158df3d.md,2026-03-11 18:53:46,2026-04-29 21:37:14,2026-04-29 21:37:14,2026-04-29 21:37:14
2308,台達電,2308-TW,2026-02-27,20,1575.0,,,,,41.30,29.50,35.87,35.95,74.67,40.07,52.53,51.83,131.82,52.06,85.80,73.52,,,,,763323370.00,677294000.00,719804750.00,717261000.00,1067693000.00,780229000.00,934906450.00,929030000.00,1554357510.00,1045499000.00,1291544370.00,1274776590.00,9.5,🟢 優秀,✅ 通過,https://raw.githubusercontent.com/wenchiehlee/GoogleSearch/refs/heads/main/data/md/2308_%E5%8F%B0%E9%81%94%E9%9B%BB_factset_7c22c6fe.md,2026-04-24 18:52:42,2026-04-29 21:37:14,2026-04-29 21:37:14,2026-04-29 21:37:14
2308,台達電,2308-TW,2025-10-24,21,1130.0,25.72,17.68,22.31,22.88,40.45,22.27,30.63,30.08,71.72,26.72,41.76,38.93,,,,,558680300.00,499384000.00,529960130.00,524654000.00,738714750.00,555155000.00,642048890.00,641750000.00,992091000.00,682731000.00,788141330.00,763770630.00,,,,,9.5,🟢 優秀,✅ 通過,https://raw.githubusercontent.com/wenchiehlee/GoogleSearch/refs/heads/main/data/md/2308_%E5%8F%B0%E9%81%94%E9%9B%BB_factset_72bc68b8.md,2026-04-26 18:55:00,2026-04-29 21:37:14,2026-04-29 21:37:14,2026-04-29 21:37:14
2317,鴻海,2317-TW,2026-03-17,22,292.5,,,,,19.20,15.68,17.38,17.34,22.52,19.04,20.44,20.20,25.09,21.67,23.38,23.38,,,,,11229336000.00,9477775900.00,10222492370.00,10127073450.00,14564321110.00,10778410230.00,12375169490.00,12368661490.00,15531099110.00,11860169720.00,13695634410.00,13695634410.00,9.7,🟢 優秀,✅ 通過,https://raw.githubusercontent.com/wenchiehlee/GoogleSearch/refs/heads/main/data/md/2317_%E9%B4%BB%E6%B5%B7_factset_04911e70.md,2026-03-19 18:59:26,2026-04-29 21:37:14,2026-04-29 21:37:14,2026-04-29 21:37:14
2317,鴻海,2317-TW,2025-11-13,23,300.0,15.43,13.00,14.36,14.37,19.27,15.00,17.25,17.11,22.52,17.24,20.08,20.32,,,,,8297438730.00,7683400000.00,7942290520.00,7894202860.00,11224947000.00,8610536000.00,9688767690.00,9599890500.00,13373167620.00,9374846000.00,11166355950.00,11182470150.00,,,,,9.7,🟢 優秀,✅ 通過,https://raw.githubusercontent.com/wenchiehlee/GoogleSearch/refs/heads/main/data/md/2317_%E9%B4%BB%E6%B5%B7_factset_28a18d43.md,2026-04-28 19:41:46,2026-04-29 21:37:14,2026-04-29 21:37:14,2026-04-29 21:37:14
2317,鴻海,2317-TW,2025-08-14,20,210.0,15.00,11.63,13.13,13.26,16.41,13.62,15.15,15.14,20.39,15.47,17.35,16.92,,,,,8804160490.00,7385361540.00,7884718200.00,7891822900.00,10078760800.00,8361141000.00,9163941830.00,9098226000.00,11880347320.00,9431568000.00,10293318100.00,10109300560.00,,,,,9.7,🟢 優秀,✅ 通過,https://raw.githubusercontent.com/wenchiehlee/GoogleSearch/refs/heads/main/data/md/2317_%E9%B4%BB%E6%B5%B7_factset_3e00a7c4.md,2026-04-22 19:13:51,2026-04-29 21:37:14,2026-04-29 21:37:14,2026-04-29 21:37:14
2317,鴻海,2317-TW,2025-08-08,20,207.5,13.96,11.63,13.02,13.10,16.41,13.62,15.14,15.14,20.39,15.47,17.22,16.58,,,,,8804160490.00,7385361540.00,7874848600.00,7891822900.00,10078760800.00,8361141000.00,9152240160.00,9098226000.00,11880347320.00,9431568000.00,10265403320.00,10097730930.00,,,,,9.7,🟢 優秀,✅ 通過,https://raw.githubusercontent.com/wenchiehlee/GoogleSearch/refs/heads/main/data/md/2317_%E9%B4%BB%E6%B5%B7_factset_54256261.md,2026-04-23 19:08:33,2026-04-29 21:37:14,2026-04-29 21:37:14,2026-04-29 21:37:14
2330,台積電,2330-TW,2026-04-16,45,2387.5,,,,,102.70,75.00,92.30,93.01,137.60,90.22,114.93,116.57,196.70,107.96,139.57,138.53,,,,,5266869000.00,4456000000.00,5049128260.00,5071306540.00,6949812000.00,5222369360.00,6313617390.00,6330127080.00,9643000000.00,6057961090.00,7739860230.00,7582170520.00,10.0,🟢 優秀,✅ 通過,https://raw.githubusercontent.com/wenchiehlee/GoogleSearch/refs/heads/main/data/md/2330_%E5%8F%B0%E7%A9%8D%E9%9B%BB_factset_ef1363b5.md,2026-04-28 19:44:24,2026-04-29 21:37:14,2026-04-29 21:37:14,2026-04-29 21:37:14
2330,台積電,2330-TW,2026-04-16,45,2387.5,,,,,102.70,75.00,92.30,93.01,137.60,90.22,114.93,116.57,196.70,107.96,139.57,138.53,,,,,5266869000.00,4456000000.00,5049128260.00,5071306540.00,6949812000.00,5222369360.00,6313617390.00,6330127080.00,9643000000.00,6057961090.00,7739860230.00,7582170520.00,10.0,🟢 優秀,✅ 通過,https://raw.githubusercontent.com/wenchiehlee/GoogleSearch/refs/heads/main/data/md/2330_%E5%8F%B0%E7%A9%8D%E9%9B%BB_factset_80f248cc.md,2026-04-24 18:55:15,2026-04-29 21:37:14,2026-04-29 21:37:14,2026-04-29 21:37:14
2330,台積電,2330-TW,2026-04-16,45,2387.5,,,,,102.70,75.00,92.30,93.01,137.60,90.22,114.93,116.57,196.70,107.96,139.57,138.53,,,,,5266869000.00,4456000000.00,5049128260.00,5071306540.00,6949812000.00,5222369360.00,6313617390.00,6330127080.00,9643000000.00,6057961090.00,7739860230.00,7582170520.00,10.0,🟢 優秀,✅ 通過,https://raw.githubusercontent.com/wenchiehlee/GoogleSearch/refs/heads/main/data/md/2330_%E5%8F%B0%E7%A9%8D%E9%9B%BB_factset_9da766f7.md,2026-04-18 18:55:34,2026-04-29 21:37:14,2026-04-29 21:37:14,2026-04-29 21:37:14
2330,台積電,2330-TW,2026-01-16,45,2150.0,,,,,96.97,72.73,84.98,88.02,120.21,81.90,103.50,105.30,153.51,104.69,121.94,119.32,,,,,5210970770.00,4365760720.00,4858389040.00,4906653500.00,6590186730.00,5046575280.00,5943460580.00,6024920000.00,8417327710.00,5874595500.00,6962735630.00,6960465000.00,10.0,🟢 優秀,✅ 通過,https://raw.githubusercontent.com/wenchiehlee/GoogleSearch/refs/heads/main/data/md/2330_%E5%8F%B0%E7%A9%8D%E9%9B%BB_factset_6ad8fa9c.md,2026-04-26 18:56:37,2026-04-29 21:37:14,2026-04-29 21:37:14,2026-04-29 21:37:14
2330,台積電,2330-TW,2026-01-16,45,2020.0,,,,,96.97,72.73,83.22,82.50,120.21,81.90,101.90,101.72,123.10,104.69,115.63,118.87,,,,,5210970770.00,4365760720.00,4818657890.00,4843646650.00,6590186730.00,5046575280.00,5900433410.00,5943988000.00,6997726120.00,5874595500.00,6599087610.00,6762014410.00,10.0,🟢 優秀,✅ 通過,https://raw.githubusercontent.com/wenchiehlee/GoogleSearch/refs/heads/main/data/md/2330_%E5%8F%B0%E7%A9%8D%E9%9B%BB_factset_897006ba.md,2026-03-30 19:02:49,2026-04-29 21:37:14,2026-04-29 21:37:14,2026-04-29 21:37:14
2330,台積電,2330-TW,2026-01-16,45,2020.0,,,,,96.97,72.73,83.22,82.50,120.21,81.90,101.90,101.72,123.10,104.69,115.63,118.87,,,,,5210970770.00,4365760720.00,4818657890.00,4843646650.00,6590186730.00,5046575280.00,5900433410.00,5943988000.00,6997726120.00,5874595500.00,6599087610.00,6762014410.00,10.0,🟢 優秀,✅ 通過,https://raw.githubusercontent.com/wenchiehlee/GoogleSearch/refs/heads/main/data/md/2330_%E5%8F%B0%E7%A9%8D%E9%9B%BB_factset_03a614d1.md,2026-01-26 18:39:53,2026-04-29 21:37:14,2026-04-29 21:37:14,2026-04-29 21:37:14
2330,台積電,2330-TW,2026-01-16,45,2020.0,,,,,96.97,72.73,83.22,82.50,120.21,81.90,101.90,101.72,123.10,104.69,115.63,118.87,,,,,5210970770.00,4365760720.00,4818657890.00,4843646650.00,6590186730.00,5046575280.00,5900433410.00,5943988000.00,6997726120.00,5874595500.00,6599087610.00,6762014410.00,10.0,🟢 優秀,✅ 通過,https://raw.githubusercontent.com/wenchiehlee/GoogleSearch/refs/heads/main/data/md/2330_%E5%8F%B0%E7%A9%8D%E9%9B%BB_factset_43c385e1.md,2026-01-18 18:30:02,2026-04-29 21:37:14,2026-04-29 21:37:14,2026-04-29 21:37:14
2330,台積電,2330-TW,2026-01-16,45,2150.0,,,,,96.97,72.73,84.98,88.02,120.21,81.90,103.50,105.30,153.51,104.69,121.94,119.32,,,,,5210970770.00,4365760720.00,4858389040.00,4906653500.00,6590186730.00,5046575280.00,5943460580.00,6024920000.00,8417327710.00,5874595500.00,6962735630.00,6960465000.00,10.0,🟢 優秀,✅ 通過,https://raw.githubusercontent.com/wenchiehlee/GoogleSearch/refs/heads/main/data/md/2330_%E5%8F%B0%E7%A9%8D%E9%9B%BB_factset_53bf8f6b.md,2026-01-19 18:35:13,2026-04-29 21:37:14,2026-04-29 21:37:14,2026-04-29 21:37:14
2330,台積電,2330-TW,2026-01-16,45,2150.0,,,,,96.97,72.73,84.98,88.02,120.21,81.90,103.50,105.30,153.51,104.69,121.94,119.32,,,,,5210970770.00,4365760720.00,4858389040.00,4906653500.00,6590186730.00,5046575280.00,5943460580.00,6024920000.00,8417327710.00,5874595500.00,6962735630.00,6960465000.00,10.0,🟢 優秀,✅ 通過,https://raw.githubusercontent.com/wenchiehlee/GoogleSearch/refs/heads/main/data/md/2330_%E5%8F%B0%E7%A9%8D%E9%9B%BB_factset_42d676a7.md,2026-01-27 18:41:34,2026-04-29 21:37:14,2026-04-29 21:37:14,2026-04-29 21:37:14
2337,旺宏,2337-TW,2026-04-08,11,157.0,,,,,30.00,2.15,11.26,6.85,107.20,2.85,31.28,19.61,29.60,19.58,24.59,24.59,,,,,112386000.00,39677670.00,69873180.00,59096050.00,305111000.00,43020400.00,128883220.00,105955000.00,138386000.00,109791950.00,124088970.00,124088970.00,8.2,🟡 良好,✅ 通過,https://raw.githubusercontent.com/wenchiehlee/GoogleSearch/refs/heads/main/data/md/2337_%E6%97%BA%E5%AE%8F_factset_8482367f.md,2026-04-28 19:55:28,2026-04-29 21:37:14,2026-04-29 21:37:14,2026-04-29 21:37:14
2337,旺宏,2337-TW,2026-04-01,10,149.0,,,,,30.00,2.15,10.63,6.38,107.20,2.85,29.92,19.11,29.60,19.58,24.59,24.59,,,,,112386000.00,39677670.00,66960200.00,56677100.00,305111000.00,43020400.00,121167430.00,104296500.00,138386000.00,109791950.00,124088970.00,124088970.00,8.2,🟡 良好,✅ 通過,https://raw.githubusercontent.com/wenchiehlee/GoogleSearch/refs/heads/main/data/md/2337_%E6%97%BA%E5%AE%8F_factset_6dec4319.md,2026-04-28 19:55:23,2026-04-29 21:37:14,2026-04-29 21:37:14,2026-04-29 21:37:14
2344,華邦電,2344-TW,2026-04-23,10,140.5,,,,,21.90,10.02,16.30,16.77,27.84,10.96,21.42,22.61,18.59,18.59,18.59,18.59,,,,,254811000.00,171645000.00,213401500.00,211620000.00,350406000.00,185859000.00,279499880.00,288740000.00,256014520.00,256014520.00,256014520.00,256014520.00,8.5,🟡 良好,✅ 通過,https://raw.githubusercontent.com/wenchiehlee/GoogleSearch/refs/heads/main/data/md/2344_%E8%8F%AF%E9%82%A6%E9%9B%BB_factset_61946a3a.md,2026-04-28 19:55:03,2026-04-29 21:37:14,2026-04-29 21:37:14,2026-04-29 21:37:14
2345,智邦,2345-TW,2025-11-17,10,1350.0,46.08,42.60,44.35,44.27,61.78,53.30,57.05,56.39,76.90,61.74,66.87,66.30,,,,,247076000.00,229620000.00,242885230.00,244228500.00,316948040.00,275272000.00,295953730.00,296291500.00,386511140.00,305370000.00,344646130.00,338619500.00,,,,,8.9,🟡 良好,✅ 通過,https://raw.githubusercontent.com/wenchiehlee/GoogleSearch/refs/heads/main/data/md/2345_%E6%99%BA%E9%82%A6_factset_19e0620b.md,2026-04-28 19:46:04,2026-04-29 21:37:14,2026-04-29 21:37:14,2026-04-29 21:37:14
2356,英業達,2356-TW,2026-03-30,10,48.0,,,,,3.55,2.31,2.97,2.97,3.96,2.60,3.31,3.33,4.05,4.05,4.05,4.05,,,,,798640000.00,694486820.00,757626920.00,775640270.00,917620000.00,743936460.00,826048530.00,829046850.00,866014250.00,866014250.00,866014250.00,866014250.00,8.9,🟡 良好,✅ 通過,https://raw.githubusercontent.com/wenchiehlee/GoogleSearch/refs/heads/main/data/md/2356_%E8%8B%B1%E6%A5%AD%E9%81%94_factset_50b0835b.md,2026-04-28 19:45:52,2026-04-29 21:37:14,2026-04-29 21:37:14,2026-04-29 21:37:14
2356,英業達,2356-TW,2026-02-13,11,47.0,2.94,2.24,2.45,2.41,3.55,2.31,2.89,2.91,3.76,2.60,3.12,2.94,,,,,691200000.00,659341480.00,681061160.00,680960610.00,785145000.00,694486820.00,748993240.00,757496500.00,879119000.00,743936460.00,798951550.00,804782570.00,,,,,8.9,🟡 良好,✅ 通過,https://raw.githubusercontent.com/wenchiehlee/GoogleSearch/refs/heads/main/data/md/2356_%E8%8B%B1%E6%A5%AD%E9%81%94_factset_7b8ba7e7.md,2026-04-26 18:57:42,2026-04-29 21:37:14,2026-04-29 21:37:14,2026-04-29 21:37:14
2357,華碩,2357-TW,2026-04-18,15,613.0,,,,,59.09,39.30,48.25,48.00,63.13,41.68,53.99,54.54,65.85,51.13,60.78,65.36,,,,,882326170.00,746026610.00,820876770.00,815924960.00,984422760.00,800496980.00,888066800.00,886104950.00,1114404120.00,853611090.00,973529320.00,952572750.00,9.4,🟢 優秀,✅ 通過,https://raw.githubusercontent.com/wenchiehlee/GoogleSearch/refs/heads/main/data/md/2357_%E8%8F%AF%E7%A2%A9_factset_fce14323.md,2026-04-25 18:56:37,2026-04-29 21:37:14,2026-04-29 21:37:14,2026-04-29 21:37:14
2357,華碩,2357-TW,2026-04-17,16,615.0,,,,,59.09,39.30,48.55,48.70,63.13,41.68,53.99,54.54,65.85,51.13,60.78,65.36,,,,,882326170.00,746026610.00,820876770.00,815924960.00,984422760.00,800496980.00,888066800.00,886104950.00,1114404120.00,853611090.00,973529320.00,952572750.00,9.4,🟢 優秀,✅ 通過,https://raw.githubusercontent.com/wenchiehlee/GoogleSearch/refs/heads/main/data/md/2357_%E8%8F%AF%E7%A2%A9_factset_cf09a7f2.md,2026-04-28 19:46:32,2026-04-29 21:37:14,2026-04-29 21:37:14,2026-04-29 21:37:14
2357,華碩,2357-TW,2026-04-17,16,615.0,,,,,59.09,39.30,48.55,48.70,63.13,41.68,53.99,54.54,65.85,51.13,60.78,65.36,,,,,882326170.00,746026610.00,820876770.00,815924960.00,984422760.00,800496980.00,888066800.00,886104950.00,1114404120.00,853611090.00,973529320.00,952572750.00,9.4,🟢 優秀,✅ 通過,https://raw.githubusercontent.com/wenchiehlee/GoogleSearch/refs/heads/main/data/md/2357_%E8%8F%AF%E7%A2%A9_factset_c1a5eddb.md,2026-04-27 19:27:11,2026-04-29 21:37:14,2026-04-29 21:37:14,2026-04-29 21:37:14
2357,華碩,2357-TW,2025-12-29,16,735.0,56.56,51.09,53.93,54.36,60.02,44.31,52.35,53.09,64.96,48.59,56.81,58.56,,,,,720032000.00,712407000.00,716475560.00,716734000.00,811570790.00,699148000.00,777824110.00,786176000.00,895487430.00,731987000.00,841212610.00,851581000.00,,,,,9.4,🟢 優秀,✅ 通過,https://raw.githubusercontent.com/wenchiehlee/GoogleSearch/refs/heads/main/data/md/2357_%E8%8F%AF%E7%A2%A9_factset_f97b871b.md,2025-12-31 18:48:21,2026-04-29 21:37:14,2026-04-29 21:37:14,2026-04-29 21:37:14
2357,華碩,2357-TW,2025-12-23,16,735.0,57.20,51.09,54.16,54.73,57.98,44.31,52.20,53.09,64.96,48.59,56.81,58.56,,,,,720032000.00,712407000.00,716475560.00,716734000.00,811570790.00,699148000.00,777824110.00,786176000.00,895487430.00,731987000.00,841212610.00,851581000.00,,,,,9.4,🟢 優秀,✅ 通過,https://raw.githubusercontent.com/wenchiehlee/GoogleSearch/refs/heads/main/data/md/2357_%E8%8F%AF%E7%A2%A9_factset_ee742fad.md,2025-12-31 18:48:21,2026-04-29 21:37:14,2026-04-29 21:37:14,2026-04-29 21:37:14
2357,華碩,2357-TW,2025-12-23,16,735.0,57.20,51.09,54.16,54.73,57.98,44.31,52.20,53.09,64.96,48.59,56.81,58.56,,,,,720032000.00,712407000.00,716475560.00,716734000.00,811570790.00,699148000.00,777824110.00,786176000.00,895487430.00,731987000.00,841212610.00,851581000.00,,,,,9.4,🟢 優秀,✅ 通過,https://raw.githubusercontent.com/wenchiehlee/GoogleSearch/refs/heads/main/data/md/2357_%E8%8F%AF%E7%A2%A9_factset_4f7a6a98.md,2025-12-29 23:28:15,2026-04-29 21:37:14,2026-04-29 21:37:14,2026-04-29 21:37:14
2357,華碩,2357-TW,2025-11-12,17,735.0,58.76,49.00,53.69,54.31,58.80,45.43,52.85,53.17,66.47,49.74,58.01,58.31,,,,,720342820.00,702066000.00,710091300.00,709469500.00,823935000.00,699148000.00,769743670.00,775990000.00,895487430.00,731987000.00,841882240.00,858341870.00,,,,,9.4,🟢 優秀,✅ 通過,https://raw.githubusercontent.com/wenchiehlee/GoogleSearch/refs/heads/main/data/md/2357_%E8%8F%AF%E7%A2%A9_factset_f7f5083f.md,2026-04-23 19:15:31,2026-04-29 21:37:14,2026-04-29 21:37:14,2026-04-29 21:37:14
2357,華碩,2357-TW,2025-11-12,17,735.0,58.76,49.00,53.69,54.31,58.80,45.43,52.85,53.17,66.47,49.74,58.01,58.31,,,,,720342820.00,702066000.00,710091300.00,709469500.00,823935000.00,699148000.00,769743670.00,775990000.00,895487430.00,731987000.00,841882240.00,858341870.00,,,,,9.4,🟢 優秀,✅ 通過,https://raw.githubusercontent.com/wenchiehlee/GoogleSearch/refs/heads/main/data/md/2357_%E8%8F%AF%E7%A2%A9_factset_88811b3b.md,2025-12-29 23:28:14,2026-04-29 21:37:14,2026-04-29 21:37:14,2026-04-29 21:37:14
2357,華碩,2357-TW,2025-10-30,17,730.0,58.76,49.00,53.08,53.69,58.80,45.17,53.28,54.06,66.47,51.17,57.72,57.26,,,,,730872470.00,702066000.00,710592370.00,705764500.00,823935000.00,640678020.00,761584700.00,773652790.00,884583260.00,647941170.00,808561510.00,836767270.00,,,,,9.4,🟢 優秀,✅ 通過,https://raw.githubusercontent.com/wenchiehlee/GoogleSearch/refs/heads/main/data/md/2357_%E8%8F%AF%E7%A2%A9_factset_2ecaa80f.md,2025-12-29 23:28:08,2026-04-29 21:37:14,2026-04-29 21:37:14,2026-04-29 21:37:14
2357,華碩,2357-TW,2025-08-25,16,720.0,56.49,48.88,52.65,52.43,58.00,45.17,52.77,53.20,65.21,51.17,57.51,57.26,,,,,730872470.00,647015000.00,696390340.00,704271000.00,802615550.00,640678000.00,756184000.00,770691900.00,874158250.00,647941000.00,806823990.00,836767270.00,,,,,9.4,🟢 優秀,✅ 通過,https://raw.githubusercontent.com/wenchiehlee/GoogleSearch/refs/heads/main/data/md/2357_%E8%8F%AF%E7%A2%A9_factset_677cedb1.md,2025-12-29 18:49:15,2026-04-29 21:37:14,2026-04-29 21:37:14,2026-04-29 21:37:14
2360,致茂,2360-TW,2026-04-21,15,1647.5,,,,,47.56,27.08,35.38,34.16,69.15,33.20,48.53,47.32,63.37,52.09,57.74,56.63,,,,,50572980.00,39980000.00,44716260.00,45017700.00,65921410.00,51120000.00,57536230.00,57239280.00,76700830.00,64550000.00,68243740.00,67010000.00,9.2,🟢 優秀,✅ 通過,https://raw.githubusercontent.com/wenchiehlee/GoogleSearch/refs/heads/main/data/md/2360_%E8%87%B4%E8%8C%82_factset_042ca4d8.md,2026-04-28 19:51:21,2026-04-29 21:37:14,2026-04-29 21:37:14,2026-04-29 21:37:14
2360,致茂,2360-TW,2026-02-26,13,1525.0,,,,,37.62,25.33,31.31,31.97,49.35,31.40,41.02,41.54,52.09,52.09,52.09,52.09,,,,,45973860.00,34481000.00,40772100.00,40567570.00,57870000.00,40914130.00,50507860.00,51255130.00,64550000.00,64550000.00,64550000.00,64550000.00,8.9,🟡 良好,✅ 通過,https://raw.githubusercontent.com/wenchiehlee/GoogleSearch/refs/heads/main/data/md/2360_%E8%87%B4%E8%8C%82_factset_96d5ee20.md,2026-04-28 19:51:30,2026-04-29 21:37:14,2026-04-29 21:37:14,2026-04-29 21:37:14
2360,致茂,2360-TW,2026-02-25,10,1180.0,28.57,19.85,26.67,27.25,35.44,25.33,30.04,29.82,48.40,31.36,38.87,37.40,,,,,28311000.00,27080570.00,28082390.00,28310940.00,43914000.00,34481040.00,39328820.00,39615060.00,57870000.00,40914130.00,48718670.00,48190690.00,,,,,8.9,🟡 良好,✅ 通過,https://raw.githubusercontent.com/wenchiehlee/GoogleSearch/refs/heads/main/data/md/2360_%E8%87%B4%E8%8C%82_factset_8cc90916.md,2026-04-24 19:03:19,2026-04-29 21:37:14,2026-04-29 21:37:14,2026-04-29 21:37:14
2379,瑞昱,2379-TW,2026-04-22,21,580.0,,,,,37.55,27.20,31.87,32.10,43.96,31.68,37.56,36.50,,,,,,,,,148464000.00,127718520.00,134996400.00,134709000.00,161301670.00,135820650.00,150723740.00,152716390.00,,,,,7.7,🟡 良好,✅ 通過,https://raw.githubusercontent.com/wenchiehlee/GoogleSearch/refs/heads/main/data/md/2379_%E7%91%9E%E6%98%B1_factset_99c6ce75.md,2026-04-23 19:18:19,2026-04-29 21:37:14,2026-04-29 21:37:14,2026-04-29 21:37:14
2379,瑞昱,2379-TW,2026-03-10,21,580.0,,,,,37.49,27.20,31.55,31.72,43.96,31.68,37.46,36.50,,,,,,,,,139220470.00,127718520.00,133976150.00,134214500.00,161301670.00,135820650.00,149992360.00,152004000.00,,,,,7.7,🟡 良好,✅ 通過,https://raw.githubusercontent.com/wenchiehlee/GoogleSearch/refs/heads/main/data/md/2379_%E7%91%9E%E6%98%B1_factset_fff5a735.md,2026-04-28 19:48:57,2026-04-29 21:37:14,2026-04-29 21:37:14,2026-04-29 21:37:14
2379,瑞昱,2379-TW,2025-11-10,17,590.0,33.54,28.44,29.88,29.41,42.87,29.86,34.52,34.19,47.53,34.27,41.32,40.99,,,,,127736000.00,122365000.00,124246050.00,124323640.00,150859540.00,122756920.00,137573230.00,137992000.00,176243190.00,135598050.00,155397720.00,153180560.00,,,,,9.4,🟢 優秀,✅ 通過,https://raw.githubusercontent.com/wenchiehlee/GoogleSearch/refs/heads/main/data/md/2379_%E7%91%9E%E6%98%B1_factset_e5682282.md,2026-04-28 19:49:05,2026-04-29 21:37:14,2026-04-29 21:37:14,2026-04-29 21:37:14
2382,廣達,2382-TW,2026-04-09,21,370.0,,,,,25.75,19.28,22.50,22.49,31.00,24.83,26.76,26.61,25.43,25.43,25.43,25.43,,,,,3651515440.00,2827717440.00,3108760250.00,3082574840.00,5089284310.00,3331913510.00,3872484420.00,3606317400.00,3383703860.00,3383703860.00,3383703860.00,3383703860.00,9.7,🟢 優秀,✅ 通過,https://raw.githubusercontent.com/wenchiehlee/GoogleSearch/refs/heads/main/data/md/2382_%E5%BB%A3%E9%81%94_factset_e9d6fea0.md,2026-04-12 19:04:27,2026-04-29 21:37:14,2026-04-29 21:37:14,2026-04-29 21:37:14
2382,廣達,2382-TW,2026-04-09,21,370.0,,,,,25.75,19.28,22.50,22.49,31.00,24.83,26.76,26.61,25.43,25.43,25.43,25.43,,,,,3651515440.00,2827717440.00,3108760250.00,3082574840.00,5089284310.00,3331913510.00,3872484420.00,3606317400.00,3383703860.00,3383703860.00,3383703860.00,3383703860.00,9.7,🟢 優秀,✅ 通過,https://raw.githubusercontent.com/wenchiehlee/GoogleSearch/refs/heads/main/data/md/2382_%E5%BB%A3%E9%81%94_factset_f1bebcaf.md,2026-04-28 19:49:07,2026-04-29 21:37:14,2026-04-29 21:37:14,2026-04-29 21:37:14
2382,廣達,2382-TW,2026-04-09,21,370.0,,,,,25.75,19.28,22.50,22.49,31.00,24.83,26.76,26.61,25.43,25.43,25.43,25.43,,,,,3651515440.00,2827717440.00,3108760250.00,3082574840.00,5089284310.00,3331913510.00,3872484420.00,3606317400.00,3383703860.00,3383703860.00,3383703860.00,3383703860.00,9.7,🟢 優秀,✅ 通過,https://raw.githubusercontent.com/wenchiehlee/GoogleSearch/refs/heads/main/data/md/2382_%E5%BB%A3%E9%81%94_factset_b1f14faa.md,2026-04-28 19:49:16,2026-04-29 21:37:14,2026-04-29 21:37:14,2026-04-29 21:37:14
2382,廣達,2382-TW,2026-04-09,21,370.0,,,,,25.75,19.28,22.50,22.49,31.00,24.83,26.76,26.61,25.43,25.43,25.43,25.43,,,,,3651515440.00,2827717440.00,3108760250.00,3082574840.00,5089284310.00,3331913510.00,3872484420.00,3606317400.00,3383703860.00,3383703860.00,3383703860.00,3383703860.00,9.7,🟢 優秀,✅ 通過,https://raw.githubusercontent.com/wenchiehlee/GoogleSearch/refs/heads/main/data/md/2382_%E5%BB%A3%E9%81%94_factset_1efa5805.md,2026-04-10 19:09:58,2026-04-29 21:37:14,2026-04-29 21:37:14,2026-04-29 21:37:14
2382,廣達,2382-TW,2026-02-27,22,362.5,,,,,24.48,19.28,21.86,21.95,28.54,22.56,25.46,25.00,25.39,25.39,25.39,25.39,,,,,3267759000.00,2317430000.00,2938331580.00,2970932100.00,4214487000.00,2796692130.00,3462225090.00,3401838450.00,3375062480.00,3375062480.00,3375062480.00,3375062480.00,9.7,🟢 優秀,✅ 通過,https://raw.githubusercontent.com/wenchiehlee/GoogleSearch/refs/heads/main/data/md/2382_%E5%BB%A3%E9%81%94_factset_683b8009.md,2026-02-27 18:58:36,2026-04-29 21:37:14,2026-04-29 21:37:14,2026-04-29 21:37:14
2382,廣達,2382-TW,2026-02-27,22,362.5,,,,,24.48,19.28,21.86,21.95,28.54,22.56,25.46,25.00,25.39,25.39,25.39,25.39,,,,,3267759000.00,2317430000.00,2938331580.00,2970932100.00,4214487000.00,2796692130.00,3462225090.00,3401838450.00,3375062480.00,3375062480.00,3375062480.00,3375062480.00,9.7,🟢 優秀,✅ 通過,https://raw.githubusercontent.com/wenchiehlee/GoogleSearch/refs/heads/main/data/md/2382_%E5%BB%A3%E9%81%94_factset_21338618.md,2026-03-17 19:24:14,2026-04-29 21:37:14,2026-04-29 21:37:14,2026-04-29 21:37:14
2383,台光電,2383-TW,2026-04-15,19,3200.0,,,,,89.70,60.08,74.57,74.68,165.50,79.31,121.99,126.00,249.03,249.03,249.03,249.03,,,,,176404000.00,123950000.00,146072610.00,147434000.00,298030000.00,156983000.00,217340690.00,207932130.00,407985680.00,407985680.00,407985680.00,407985680.00,9.2,🟢 優秀,✅ 通過,https://raw.githubusercontent.com/wenchiehlee/GoogleSearch/refs/heads/main/data/md/2383_%E5%8F%B0%E5%85%89%E9%9B%BB_factset_07b3e8e4.md,2026-04-28 19:42:32,2026-04-29 21:37:14,2026-04-29 21:37:14,2026-04-29 21:37:14
2383,台光電,2383-TW,2026-04-15,19,3200.0,,,,,89.70,60.08,74.57,74.68,165.50,79.31,121.99,126.00,249.03,249.03,249.03,249.03,,,,,176404000.00,123950000.00,146072610.00,147434000.00,298030000.00,156983000.00,217340690.00,207932130.00,407985680.00,407985680.00,407985680.00,407985680.00,9.2,🟢 優秀,✅ 通過,https://raw.githubusercontent.com/wenchiehlee/GoogleSearch/refs/heads/main/data/md/2383_%E5%8F%B0%E5%85%89%E9%9B%BB_factset_56d7de27.md,2026-04-25 18:55:13,2026-04-29 21:37:14,2026-04-29 21:37:14,2026-04-29 21:37:14
2383,台光電,2383-TW,2025-10-17,16,1320.0,46.46,40.73,44.23,44.16,69.65,50.34,59.63,59.41,87.64,61.90,73.95,72.21,,,,,96940000.00,90644000.00,94132190.00,94516000.00,123523080.00,103545000.00,116404190.00,117644560.00,150157510.00,122516000.00,140587310.00,143485920.00,,,,,9.4,🟢 優秀,✅ 通過,https://raw.githubusercontent.com/wenchiehlee/GoogleSearch/refs/heads/main/data/md/2383_%E5%8F%B0%E5%85%89%E9%9B%BB_factset_47dee74a.md,2026-04-20 19:07:19,2026-04-29 21:37:14,2026-04-29 21:37:14,2026-04-29 21:37:14
2395,研華,2395-TW,2025-11-07,18,365.0,13.47,10.30,11.58,11.48,15.32,11.34,13.52,13.55,18.38,14.33,16.09,15.74,,,,,72629960.00,68881000.00,70424070.00,70112290.00,80754330.00,73466000.00,77070610.00,77170150.00,92519050.00,81459000.00,86674160.00,86705850.00,,,,,9.4,🟢 優秀,✅ 通過,https://raw.githubusercontent.com/wenchiehlee/GoogleSearch/refs/heads/main/data/md/2395_%E7%A0%94%E8%8F%AF_factset_f739ecbd.md,2026-04-28 19:49:33,2026-04-29 21:37:14,2026-04-29 21:37:14,2026-04-29 21:37:14
2395,研華,2395-TW,2025-11-06,18,375.0,13.47,10.30,11.57,11.40,15.32,12.24,13.61,13.72,18.63,14.33,16.12,15.74,,,,,72629960.00,68419000.00,70438680.00,70120290.00,81690910.00,72587000.00,77000220.00,77266460.00,94546020.00,81459000.00,86899380.00,86705850.00,,,,,9.4,🟢 優秀,✅ 通過,https://raw.githubusercontent.com/wenchiehlee/GoogleSearch/refs/heads/main/data/md/2395_%E7%A0%94%E8%8F%AF_factset_760bebe4.md,2026-04-21 19:19:23,2026-04-29 21:37:14,2026-04-29 21:37:14,2026-04-29 21:37:14
2408,南亞科,2408-TW,2026-04-14,16,296.0,,,,,46.76,25.68,36.84,37.72,61.56,27.54,44.26,44.81,55.03,29.44,45.23,47.39,,,,,277208790.00,171095000.00,218965190.00,216962570.00,345258650.00,195875000.00,260605640.00,259704190.00,325128150.00,260658440.00,293037800.00,291229000.00,9.2,🟢 優秀,✅ 通過,https://raw.githubusercontent.com/wenchiehlee/GoogleSearch/refs/heads/main/data/md/2408_%E5%8D%97%E4%BA%9E%E7%A7%91_factset_266af1ae.md,2026-04-28 19:51:15,2026-04-29 21:37:14,2026-04-29 21:37:14,2026-04-29 21:37:14
2408,南亞科,2408-TW,2026-04-10,16,302.5,,,,,49.18,24.07,35.15,36.21,69.28,27.17,40.85,38.18,45.91,29.44,38.33,39.63,,,,,277208790.00,151952630.00,211931690.00,210114000.00,345258650.00,195875000.00,248937800.00,236282000.00,291229000.00,260257000.00,270714810.00,260658440.00,8.9,🟡 良好,✅ 通過,https://raw.githubusercontent.com/wenchiehlee/GoogleSearch/refs/heads/main/data/md/2408_%E5%8D%97%E4%BA%9E%E7%A7%91_factset_4eade7f9.md,2026-04-21 19:24:05,2026-04-29 21:37:14,2026-04-29 21:37:14,2026-04-29 21:37:14
2449,京元電子,2449-TW,2026-03-09,15,349.0,,,,,11.58,8.57,10.14,9.96,17.95,13.40,14.79,14.56,16.67,16.67,16.67,16.67,,,,,54122000.00,48783000.00,50222010.00,50047220.00,77129000.00,62779000.00,68729690.00,67653410.00,82071330.00,82071330.00,82071330.00,82071330.00,9.4,🟢 優秀,✅ 通過,https://raw.githubusercontent.com/wenchiehlee/GoogleSearch/refs/heads/main/data/md/2449_%E4%BA%AC%E5%85%83%E9%9B%BB%E5%AD%90_factset_29ea4773.md,2026-04-28 19:45:54,2026-04-29 21:37:14,2026-04-29 21:37:14,2026-04-29 21:37:14
2454,聯發科,2454-TW,2026-04-27,26,2180.0,,,,,77.94,51.39,63.84,63.23,129.50,77.75,102.29,101.17,196.50,102.39,149.93,152.06,,,,,689506000.00,584567000.00,628613930.00,627241320.00,985588700.00,759534380.00,870900540.00,874517000.00,1402154490.00,911680000.00,1146159190.00,1161517590.00,9.7,🟢 優秀,✅ 通過,https://raw.githubusercontent.com/wenchiehlee/GoogleSearch/refs/heads/main/data/md/2454_%E8%81%AF%E7%99%BC%E7%A7%91_factset_bea590aa.md,2026-04-28 19:51:36,2026-04-29 21:37:14,2026-04-29 21:37:14,2026-04-29 21:37:14
2454,聯發科,2454-TW,2026-04-22,27,2100.0,,,,,77.94,51.39,63.53,62.54,122.72,77.75,101.04,100.24,196.50,102.39,142.11,135.73,,,,,689506000.00,569770060.00,627203600.00,625764000.00,985588700.00,759534380.00,861565900.00,866618570.00,1337100000.00,911680000.00,1096253300.00,1072532440.00,9.7,🟢 優秀,✅ 通過,https://raw.githubusercontent.com/wenchiehlee/GoogleSearch/refs/heads/main/data/md/2454_%E8%81%AF%E7%99%BC%E7%A7%91_factset_ec4a5336.md,2026-04-25 19:00:28,2026-04-29 21:37:14,2026-04-29 21:37:14,2026-04-29 21:37:14
2454,聯發科,2454-TW,2026-04-22,27,2100.0,,,,,77.94,51.39,63.53,62.54,122.72,77.75,101.04,100.24,196.50,102.39,142.11,135.73,,,,,689506000.00,569770060.00,627203600.00,625764000.00,985588700.00,759534380.00,861565900.00,866618570.00,1337100000.00,911680000.00,1096253300.00,1072532440.00,9.7,🟢 優秀,✅ 通過,https://raw.githubusercontent.com/wenchiehlee/GoogleSearch/refs/heads/main/data/md/2454_%E8%81%AF%E7%99%BC%E7%A7%91_factset_412bc3f2.md,2026-04-23 19:29:26,2026-04-29 21:37:14,2026-04-29 21:37:14,2026-04-29 21:37:14
2454,聯發科,2454-TW,2026-04-17,27,2085.0,,,,,77.94,51.39,63.47,62.06,122.72,73.49,99.34,98.83,196.50,102.39,139.62,125.75,,,,,689506000.00,569770060.00,626455070.00,625764000.00,985588700.00,750917000.00,851691350.00,853360430.00,1337100000.00,911680000.00,1085071930.00,1062510520.00,9.7,🟢 優秀,✅ 通過,https://raw.githubusercontent.com/wenchiehlee/GoogleSearch/refs/heads/main/data/md/2454_%E8%81%AF%E7%99%BC%E7%A7%91_factset_cd1f32b5.md,2026-04-18 19:25:34,2026-04-29 21:37:14,2026-04-29 21:37:14,2026-04-29 21:37:14
2454,聯發科,2454-TW,2026-04-02,27,2085.0,,,,,77.94,51.39,64.19,62.54,119.96,73.49,98.96,100.00,164.28,105.37,128.14,119.88,,,,,689506000.00,569770060.00,630350880.00,628718630.00,948545000.00,750917000.00,853456020.00,853360430.00,1161517590.00,911680000.00,1032298130.00,1017205300.00,9.7,🟢 優秀,✅ 通過,https://raw.githubusercontent.com/wenchiehlee/GoogleSearch/refs/heads/main/data/md/2454_%E8%81%AF%E7%99%BC%E7%A7%91_factset_859bd807.md,2026-04-27 19:32:37,2026-04-29 21:37:14,2026-04-29 21:37:14,2026-04-29 21:37:14
2454,聯發科,2454-TW,2026-04-02,27,2085.0,,,,,77.94,51.39,64.19,62.54,119.96,73.49,98.96,100.00,164.28,105.37,128.14,119.88,,,,,689506000.00,569770060.00,630350880.00,628718630.00,948545000.00,750917000.00,853456020.00,853360430.00,1161517590.00,911680000.00,1032298130.00,1017205300.00,9.7,🟢 優秀,✅ 通過,https://raw.githubusercontent.com/wenchiehlee/GoogleSearch/refs/heads/main/data/md/2454_%E8%81%AF%E7%99%BC%E7%A7%91_factset_88f313ba.md,2026-04-14 19:44:12,2026-04-29 21:37:14,2026-04-29 21:37:14,2026-04-29 21:37:14
2454,聯發科,2454-TW,2026-03-18,26,2094.0,,,,,77.94,59.16,65.22,63.51,125.07,73.49,100.37,99.60,164.28,119.88,142.08,142.08,,,,,689506000.00,588742530.00,636439290.00,632044920.00,976319810.00,750917000.00,862144760.00,869060000.00,1161517590.00,911680000.00,1015032560.00,971900080.00,9.7,🟢 優秀,✅ 通過,https://raw.githubusercontent.com/wenchiehlee/GoogleSearch/refs/heads/main/data/md/2454_%E8%81%AF%E7%99%BC%E7%A7%91_factset_cb0e307b.md,2026-03-30 19:21:53,2026-04-29 21:37:14,2026-04-29 21:37:14,2026-04-29 21:37:14
2454,聯發科,2454-TW,2026-03-18,26,2094.0,,,,,77.94,59.16,65.22,63.51,125.07,73.49,100.37,99.60,164.28,119.88,142.08,142.08,,,,,689506000.00,588742530.00,636439290.00,632044920.00,976319810.00,750917000.00,862144760.00,869060000.00,1161517590.00,911680000.00,1015032560.00,971900080.00,9.7,🟢 優秀,✅ 通過,https://raw.githubusercontent.com/wenchiehlee/GoogleSearch/refs/heads/main/data/md/2454_%E8%81%AF%E7%99%BC%E7%A7%91_factset_8fe58702.md,2026-04-01 19:15:52,2026-04-29 21:37:14,2026-04-29 21:37:14,2026-04-29 21:37:14
2454,聯發科,2454-TW,2026-03-18,26,2094.0,,,,,77.94,59.16,65.22,63.51,125.07,73.49,100.37,99.60,164.28,119.88,142.08,142.08,,,,,689506000.00,588742530.00,636439290.00,632044920.00,976319810.00,750917000.00,862144760.00,869060000.00,1161517590.00,911680000.00,1015032560.00,971900080.00,9.7,🟢 優秀,✅ 通過,https://raw.githubusercontent.com/wenchiehlee/GoogleSearch/refs/heads/main/data/md/2454_%E8%81%AF%E7%99%BC%E7%A7%91_factset_9636a0f8.md,2026-03-22 19:01:50,2026-04-29 21:37:14,2026-04-29 21:37:14,2026-04-29 21:37:14
2454,聯發科,2454-TW,2026-02-05,24,1962.5,69.45,63.51,66.30,66.16,77.99,59.16,66.80,65.05,125.07,83.65,101.92,98.80,119.88,119.88,119.88,119.88,595966000.00,574700000.00,594033440.00,595965510.00,695518000.00,588742530.00,639569310.00,635357000.00,976319810.00,742007000.00,856935390.00,871462000.00,971900080.00,765680000.00,868790040.00,868790040.00,9.7,🟢 優秀,✅ 通過,https://raw.githubusercontent.com/wenchiehlee/GoogleSearch/refs/heads/main/data/md/2454_%E8%81%AF%E7%99%BC%E7%A7%91_factset_51857fcf.md,2026-03-27 19:18:55,2026-04-29 21:37:14,2026-04-29 21:37:14,2026-04-29 21:37:14
2881,富邦金,2881-TW,2026-04-25,11,96.0,,,,,9.83,6.46,8.21,8.19,9.31,7.38,8.20,8.08,9.83,9.83,9.83,9.83,,,,,494584000.00,292420000.00,375909920.00,367584440.00,424394000.00,171904000.00,331699590.00,381500710.00,407776310.00,407776310.00,407776310.00,407776310.00,8.8,🟡 良好,✅ 通過,https://raw.githubusercontent.com/wenchiehlee/GoogleSearch/refs/heads/main/data/md/2881_%E5%AF%8C%E9%82%A6%E9%87%91_factset_78ed2769.md,2026-04-25 19:02:44,2026-04-29 21:37:14,2026-04-29 21:37:14,2026-04-29 21:37:14
2881,富邦金,2881-TW,2026-04-16,12,97.0,,,,,9.83,6.46,8.31,8.35,9.31,7.38,8.20,8.08,9.83,9.83,9.83,9.83,,,,,494584000.00,292420000.00,375909920.00,367584440.00,424394000.00,171904000.00,331699590.00,381500710.00,407776310.00,407776310.00,407776310.00,407776310.00,8.8,🟡 良好,✅ 通過,https://raw.githubusercontent.com/wenchiehlee/GoogleSearch/refs/heads/main/data/md/2881_%E5%AF%8C%E9%82%A6%E9%87%91_factset_eee37b11.md,2026-04-22 19:21:57,2026-04-29 21:37:14,2026-04-29 21:37:14,2026-04-29 21:37:14
2881,富邦金,2881-TW,2026-04-16,12,97.0,,,,,9.83,6.46,8.31,8.35,9.31,7.38,8.20,8.08,9.83,9.83,9.83,9.83,,,,,494584000.00,292420000.00,375909920.00,367584440.00,424394000.00,171904000.00,331699590.00,381500710.00,407776310.00,407776310.00,407776310.00,407776310.00,8.8,🟡 良好,✅ 通過,https://raw.githubusercontent.com/wenchiehlee/GoogleSearch/refs/heads/main/data/md/2881_%E5%AF%8C%E9%82%A6%E9%87%91_factset_cad4ac81.md,2026-04-28 19:48:50,2026-04-29 21:37:14,2026-04-29 21:37:14,2026-04-29 21:37:14
2881,富邦金,2881-TW,2026-03-26,12,97.0,,,,,9.83,6.46,8.37,8.58,9.31,7.38,8.20,8.08,9.83,9.83,9.83,9.83,,,,,494584000.00,292420000.00,384573370.00,367997890.00,424394000.00,171904000.00,331699590.00,381500710.00,407776310.00,407776310.00,407776310.00,407776310.00,8.8,🟡 良好,✅ 通過,https://raw.githubusercontent.com/wenchiehlee/GoogleSearch/refs/heads/main/data/md/2881_%E5%AF%8C%E9%82%A6%E9%87%91_factset_009c8a7c.md,2026-04-25 19:02:55,2026-04-29 21:37:14,2026-04-29 21:37:14,2026-04-29 21:37:14
2881,富邦金,2881-TW,2026-03-19,12,97.0,,,,,9.43,6.46,8.32,8.58,10.26,7.38,8.49,8.22,9.83,9.83,9.83,9.83,,,,,494584000.00,292420000.00,382673040.00,382473440.00,450608000.00,171904000.00,351517660.00,381851960.00,407776310.00,407776310.00,407776310.00,407776310.00,8.8,🟡 良好,✅ 通過,https://raw.githubusercontent.com/wenchiehlee/GoogleSearch/refs/heads/main/data/md/2881_%E5%AF%8C%E9%82%A6%E9%87%91_factset_9f85ba7f.md,2026-04-28 19:48:59,2026-04-29 21:37:14,2026-04-29 21:37:14,2026-04-29 21:37:14
2881,富邦金,2881-TW,2026-03-17,11,98.0,,,,,10.29,6.46,8.27,8.19,10.26,7.38,8.78,8.76,9.83,9.83,9.83,9.83,,,,,421276000.00,353643440.00,388218080.00,388976440.00,450608000.00,171904000.00,346553980.00,381851960.00,407776310.00,407776310.00,407776310.00,407776310.00,8.8,🟡 良好,✅ 通過,https://raw.githubusercontent.com/wenchiehlee/GoogleSearch/refs/heads/main/data/md/2881_%E5%AF%8C%E9%82%A6%E9%87%91_factset_d665e6b8.md,2026-04-27 19:29:16,2026-04-29 21:37:14,2026-04-29 21:37:14,2026-04-29 21:37:14
2882,國泰金,2882-TW,2026-04-27,10,80.5,,,,,8.58,6.86,7.52,7.45,9.23,6.82,7.64,7.46,8.10,7.86,7.98,7.98,,,,,542284250.00,366173000.00,428361160.00,408245000.00,585676520.00,378989000.00,465080210.00,447827660.00,421882110.00,421882110.00,421882110.00,421882110.00,8.9,🟡 良好,✅ 通過,https://raw.githubusercontent.com/wenchiehlee/GoogleSearch/refs/heads/main/data/md/2882_%E5%9C%8B%E6%B3%B0%E9%87%91_factset_20508de5.md,2026-04-27 19:29:21,2026-04-29 21:37:14,2026-04-29 21:37:14,2026-04-29 21:37:14
2882,國泰金,2882-TW,2026-04-13,11,81.0,,,,,9.28,5.94,7.53,7.59,9.23,6.43,7.52,7.34,7.86,7.86,7.86,7.86,,,,,542284250.00,366173000.00,428361160.00,408245000.00,585676520.00,378989000.00,465080210.00,447827660.00,421882110.00,421882110.00,421882110.00,421882110.00,8.9,🟡 良好,✅ 通過,https://raw.githubusercontent.com/wenchiehlee/GoogleSearch/refs/heads/main/data/md/2882_%E5%9C%8B%E6%B3%B0%E9%87%91_factset_ab607d41.md,2026-04-28 19:49:11,2026-04-29 21:37:14,2026-04-29 21:37:14,2026-04-29 21:37:14
2882,國泰金,2882-TW,2026-04-13,11,81.0,,,,,9.28,5.94,7.53,7.59,9.23,6.43,7.52,7.34,7.86,7.86,7.86,7.86,,,,,542284250.00,366173000.00,428361160.00,408245000.00,585676520.00,378989000.00,465080210.00,447827660.00,421882110.00,421882110.00,421882110.00,421882110.00,8.9,🟡 良好,✅ 通過,https://raw.githubusercontent.com/wenchiehlee/GoogleSearch/refs/heads/main/data/md/2882_%E5%9C%8B%E6%B3%B0%E9%87%91_factset_0db6a631.md,2026-04-25 19:02:57,2026-04-29 21:37:14,2026-04-29 21:37:14,2026-04-29 21:37:14
2882,國泰金,2882-TW,2026-04-01,12,80.5,,,,,9.28,5.94,7.43,7.45,9.23,6.43,7.42,7.24,7.86,7.86,7.86,7.86,,,,,542284250.00,366173000.00,422960850.00,407251110.00,585676520.00,378989000.00,452670300.00,409747320.00,421882110.00,421882110.00,421882110.00,421882110.00,8.9,🟡 良好,✅ 通過,https://raw.githubusercontent.com/wenchiehlee/GoogleSearch/refs/heads/main/data/md/2882_%E5%9C%8B%E6%B3%B0%E9%87%91_factset_f00cc387.md,2026-04-28 19:49:01,2026-04-29 21:37:14,2026-04-29 21:37:14,2026-04-29 21:37:14
2882,國泰金,2882-TW,2026-01-15,11,71.0,7.25,5.01,6.35,6.27,7.28,5.69,6.52,6.32,8.36,6.31,7.06,6.94,,,,,476117000.00,315088000.00,367793510.00,352196000.00,523729000.00,350674000.00,413481460.00,390064000.00,576102000.00,391127000.00,457915490.00,432216490.00,,,,,8.9,🟡 良好,✅ 通過,https://raw.githubusercontent.com/wenchiehlee/GoogleSearch/refs/heads/main/data/md/2882_%E5%9C%8B%E6%B3%B0%E9%87%91_factset_ae80173a.md,2026-01-24 00:26:18,2026-04-29 21:37:14,2026-04-29 21:37:14,2026-04-29 21:37:14
2884,玉山金,2884-TW,2026-04-27,12,36.3,,,,,2.55,1.85,2.30,2.34,2.61,2.02,2.40,2.44,2.78,2.63,2.71,2.71,,,,,118350000.00,93126000.00,100912180.00,97279980.00,113063000.00,100838710.00,103937000.00,102247120.00,109651610.00,109102000.00,109376810.00,109376810.00,8.9,🟡 良好,✅ 通過,https://raw.githubusercontent.com/wenchiehlee/GoogleSearch/refs/heads/main/data/md/2884_%E7%8E%89%E5%B1%B1%E9%87%91_factset_e9c8d488.md,2026-04-27 19:30:45,2026-04-29 21:37:14,2026-04-29 21:37:14,2026-04-29 21:37:14
2884,玉山金,2884-TW,2026-04-27,12,36.3,,,,,2.55,1.85,2.30,2.34,2.61,2.02,2.40,2.44,2.78,2.63,2.71,2.71,,,,,118350000.00,93126000.00,100912180.00,97279980.00,113063000.00,100838710.00,103937000.00,102247120.00,109651610.00,109102000.00,109376810.00,109376810.00,8.9,🟡 良好,✅ 通過,https://raw.githubusercontent.com/wenchiehlee/GoogleSearch/refs/heads/main/data/md/2884_%E7%8E%89%E5%B1%B1%E9%87%91_factset_b912c5f2.md,2026-04-28 19:50:42,2026-04-29 21:37:14,2026-04-29 21:37:14,2026-04-29 21:37:14
2891,中信金,2891-TW,2025-11-27,13,48.0,4.03,3.23,3.65,3.70,4.15,3.23,3.86,3.91,4.50,3.88,4.12,4.02,,,,,228749880.00,168205000.00,203512180.00,203174000.00,246238000.00,178975000.00,213477160.00,209553370.00,257405590.00,191973000.00,217609750.00,214437310.00,,,,,8.9,🟡 良好,✅ 通過,https://raw.githubusercontent.com/wenchiehlee/GoogleSearch/refs/heads/main/data/md/2891_%E4%B8%AD%E4%BF%A1%E9%87%91_factset_199a0caf.md,2026-04-28 19:49:24,2026-04-29 21:37:14,2026-04-29 21:37:14,2026-04-29 21:37:14
3034,聯詠,3034-TW,2026-02-07,20,390.0,,,,,31.83,23.24,27.45,27.69,34.84,24.15,29.64,30.33,,,,,,,,,108069000.00,94633000.00,102505480.00,102330760.00,122783000.00,96562000.00,108767580.00,108694000.00,,,,,7.7,🟡 良好,✅ 通過,https://raw.githubusercontent.com/wenchiehlee/GoogleSearch/refs/heads/main/data/md/3034_%E8%81%AF%E8%A9%A0_factset_668b26fd.md,2026-04-28 19:55:30,2026-04-29 21:37:14,2026-04-29 21:37:14,2026-04-29 21:37:14
3034,聯詠,3034-TW,2025-11-07,19,449.0,31.33,25.29,26.73,26.16,37.87,26.93,30.00,29.84,36.00,30.24,32.71,32.08,,,,,105427870.00,99460000.00,101305190.00,100724930.00,114929650.00,98138920.00,105461730.00,105003290.00,126794000.00,106638660.00,113334600.00,110869780.00,,,,,9.4,🟢 優秀,✅ 通過,https://raw.githubusercontent.com/wenchiehlee/GoogleSearch/refs/heads/main/data/md/3034_%E8%81%AF%E8%A9%A0_factset_430c1fec.md,2026-04-24 19:05:22,2026-04-29 21:37:14,2026-04-29 21:37:14,2026-04-29 21:37:14
3035,智原,3035-TW,2026-04-10,13,177.5,,,,,10.30,2.62,4.49,3.87,14.37,5.68,8.61,7.68,16.43,16.43,16.43,16.43,,,,,20138000.00,12188000.00,13532520.00,12620000.00,25753000.00,15441000.00,18257000.00,17058090.00,30388000.00,30388000.00,30388000.00,30388000.00,8.5,🟡 良好,✅ 通過,https://raw.githubusercontent.com/wenchiehlee/GoogleSearch/refs/heads/main/data/md/3035_%E6%99%BA%E5%8E%9F_factset_a09e8773.md,2026-04-20 19:13:30,2026-04-29 21:37:14,2026-04-29 21:37:14,2026-04-29 21:37:14
3035,智原,3035-TW,2026-04-10,13,177.5,,,,,10.30,2.62,4.49,3.87,14.37,5.68,8.61,7.68,16.43,16.43,16.43,16.43,,,,,20138000.00,12188000.00,13532520.00,12620000.00,25753000.00,15441000.00,18257000.00,17058090.00,30388000.00,30388000.00,30388000.00,30388000.00,8.5,🟡 良好,✅ 通過,https://raw.githubusercontent.com/wenchiehlee/GoogleSearch/refs/heads/main/data/md/3035_%E6%99%BA%E5%8E%9F_factset_7bfececb.md,2026-04-22 19:24:35,2026-04-29 21:37:14,2026-04-29 21:37:14,2026-04-29 21:37:14
3035,智原,3035-TW,2025-10-29,13,172.5,2.78,1.23,2.28,2.47,8.30,1.26,5.59,5.66,12.66,10.08,11.48,11.69,13.13,13.13,13.13,13.13,19483000.00,17640000.00,18610570.00,18611000.00,20596000.00,12000000.00,15773880.00,15289500.00,24553000.00,17555000.00,20591610.00,19666820.00,28933000.00,28933000.00,28933000.00,28933000.00,8.9,🟡 良好,✅ 通過,https://raw.githubusercontent.com/wenchiehlee/GoogleSearch/refs/heads/main/data/md/3035_%E6%99%BA%E5%8E%9F_factset_b776a969.md,2026-04-22 19:24:21,2026-04-29 21:37:14,2026-04-29 21:37:14,2026-04-29 21:37:14
3231,緯創,3231-TW,2025-11-13,17,180.0,10.25,6.92,8.90,8.93,14.30,9.76,12.14,12.00,18.89,11.90,15.17,15.36,,,,,2135115000.00,1964131000.00,2049992250.00,2056570000.00,3105986000.00,2374529160.00,2700136050.00,2676950000.00,3922566000.00,2794296260.00,3272917120.00,3230167700.00,,,,,9.4,🟢 優秀,✅ 通過,https://raw.githubusercontent.com/wenchiehlee/GoogleSearch/refs/heads/main/data/md/3231_%E7%B7%AF%E5%89%B5_factset_9b01382a.md,2026-04-28 19:56:44,2026-04-29 21:37:14,2026-04-29 21:37:14,2026-04-29 21:37:14
3661,世芯-KY,3661-TW,2026-04-08,18,4500.0,,,,,150.94,80.08,128.60,130.48,201.14,129.93,169.03,168.28,244.68,244.68,244.68,244.68,,,,,86519250.00,39256180.00,72560930.00,75093000.00,141257000.00,88750000.00,108423420.00,106574000.00,142199000.00,142199000.00,142199000.00,142199000.00,9.2,🟢 優秀,✅ 通過,https://raw.githubusercontent.com/wenchiehlee/GoogleSearch/refs/heads/main/data/md/3661_%E4%B8%96%E8%8A%AF-KY_factset_72537fdd.md,2026-04-28 19:48:28,2026-04-29 21:37:14,2026-04-29 21:37:14,2026-04-29 21:37:14
3661,世芯-KY,3661-TW,2026-04-08,18,4500.0,,,,,150.94,80.08,128.60,130.48,201.14,129.93,169.03,168.28,244.68,244.68,244.68,244.68,,,,,86519250.00,39256180.00,72560930.00,75093000.00,141257000.00,88750000.00,108423420.00,106574000.00,142199000.00,142199000.00,142199000.00,142199000.00,9.2,🟢 優秀,✅ 通過,https://raw.githubusercontent.com/wenchiehlee/GoogleSearch/refs/heads/main/data/md/3661_%E4%B8%96%E8%8A%AF-KY_factset_79ec3b0c.md,2026-04-22 19:21:50,2026-04-29 21:37:14,2026-04-29 21:37:14,2026-04-29 21:37:14
3661,世芯-KY,3661-TW,2026-04-08,18,4500.0,,,,,150.94,80.08,128.60,130.48,201.14,129.93,169.03,168.28,244.68,244.68,244.68,244.68,,,,,86519250.00,39256180.00,72560930.00,75093000.00,141257000.00,88750000.00,108423420.00,106574000.00,142199000.00,142199000.00,142199000.00,142199000.00,9.2,🟢 優秀,✅ 通過,https://raw.githubusercontent.com/wenchiehlee/GoogleSearch/refs/heads/main/data/md/3661_%E4%B8%96%E8%8A%AF-KY_factset_47e49fce.md,2026-04-20 19:14:32,2026-04-29 21:37:14,2026-04-29 21:37:14,2026-04-29 21:37:14
3661,世芯-KY,3661-TW,2026-03-09,17,4500.0,,,,,151.06,80.08,130.41,131.46,201.14,129.93,165.81,168.28,244.68,244.68,244.68,244.68,,,,,90417000.00,39256180.00,74920630.00,77948000.00,141257000.00,88750000.00,107965090.00,106254000.00,142199000.00,142199000.00,142199000.00,142199000.00,9.2,🟢 優秀,✅ 通過,https://raw.githubusercontent.com/wenchiehlee/GoogleSearch/refs/heads/main/data/md/3661_%E4%B8%96%E8%8A%AF-KY_factset_a2f45121.md,2026-04-28 19:48:35,2026-04-29 21:37:14,2026-04-29 21:37:14,2026-04-29 21:37:14
3661,世芯-KY,3661-TW,2025-08-27,17,4775.0,78.08,61.23,70.01,70.40,155.64,90.74,132.87,135.39,210.98,149.12,177.61,183.62,251.95,251.95,251.95,251.95,43484860.00,36985590.00,39652960.00,39694000.00,92852160.00,61105310.00,81446600.00,85040000.00,126938210.00,97100720.00,112610240.00,111247000.00,147968000.00,147968000.00,147968000.00,147968000.00,9.4,🟢 優秀,✅ 通過,https://raw.githubusercontent.com/wenchiehlee/GoogleSearch/refs/heads/main/data/md/3661_%E4%B8%96%E8%8A%AF-KY_factset_90bcb4e6.md,2026-04-27 19:29:04,2026-04-29 21:37:14,2026-04-29 21:37:14,2026-04-29 21:37:14
3661,世芯-KY,3661-TW,2025-06-11,16,3400.0,82.06,65.33,73.08,73.15,150.49,97.31,126.86,127.03,185.68,132.16,163.43,163.55,260.76,260.76,260.76,260.76,45600000.00,38971000.00,42275550.00,42088370.00,107753000.00,60621190.00,79744390.00,78816000.00,111049000.00,91485180.00,101278250.00,101381170.00,148464000.00,148464000.00,148464000.00,148464000.00,9.4,🟢 優秀,✅ 通過,https://raw.githubusercontent.com/wenchiehlee/GoogleSearch/refs/heads/main/data/md/3661_%E4%B8%96%E8%8A%AF-KY_factset_3a07c16e.md,2026-04-23 19:17:14,2026-04-29 21:37:14,2026-04-29 21:37:14,2026-04-29 21:37:14
3665,貿聯-KY,3665-TW,2026-02-16,12,1815.0,48.10,45.93,46.82,46.87,72.03,62.43,67.90,68.17,90.62,73.77,85.55,87.04,,,,,71772000.00,70619000.00,71178730.00,71228000.00,95200000.00,88220000.00,91206270.00,91763490.00,113755000.00,101908020.00,109443430.00,109756790.00,,,,,8.9,🟡 良好,✅ 通過,https://raw.githubusercontent.com/wenchiehlee/GoogleSearch/refs/heads/main/data/md/3665_%E8%B2%BF%E8%81%AF-KY_factset_51e79a44.md,2026-04-20 19:18:59,2026-04-29 21:37:14,2026-04-29 21:37:14,2026-04-29 21:37:14
3665,貿聯-KY,3665-TW,2025-11-10,16,1800.0,48.02,37.03,44.23,45.53,71.50,37.89,59.15,62.41,87.42,39.27,70.50,72.90,,,,,71587010.00,65627380.00,70123740.00,70701000.00,94756780.00,65978320.00,85134640.00,85517000.00,116565000.00,63291720.00,97836990.00,100912010.00,,,,,9.2,🟢 優秀,✅ 通過,https://raw.githubusercontent.com/wenchiehlee/GoogleSearch/refs/heads/main/data/md/3665_%E8%B2%BF%E8%81%AF-KY_factset_cda09d1f.md,2026-04-28 19:53:26,2026-04-29 21:37:14,2026-04-29 21:37:14,2026-04-29 21:37:14
3665,貿聯-KY,3665-TW,2025-11-10,16,1800.0,48.02,37.03,44.23,45.53,71.50,37.89,59.15,62.41,87.42,39.27,70.50,72.90,,,,,71587010.00,65627380.00,70123740.00,70701000.00,94756780.00,65978320.00,85134640.00,85517000.00,116565000.00,63291720.00,97836990.00,100912010.00,,,,,9.2,🟢 優秀,✅ 通過,https://raw.githubusercontent.com/wenchiehlee/GoogleSearch/refs/heads/main/data/md/3665_%E8%B2%BF%E8%81%AF-KY_factset_11d1ceb8.md,2026-04-24 19:06:06,2026-04-29 21:37:14,2026-04-29 21:37:14,2026-04-29 21:37:14
3665,貿聯-KY,3665-TW,2025-11-10,16,1800.0,48.02,37.03,44.23,45.53,71.50,37.89,59.15,62.41,87.42,39.27,70.50,72.90,,,,,71587010.00,65627380.00,70123740.00,70701000.00,94756780.00,65978320.00,85134640.00,85517000.00,116565000.00,63291720.00,97836990.00,100912010.00,,,,,9.2,🟢 優秀,✅ 通過,https://raw.githubusercontent.com/wenchiehlee/GoogleSearch/refs/heads/main/data/md/3665_%E8%B2%BF%E8%81%AF-KY_factset_5f16a854.md,2026-04-28 19:53:33,2026-04-29 21:37:14,2026-04-29 21:37:14,2026-04-29 21:37:14
3711,日月光投控,3711-TW,2026-04-14,21,355.0,,,,,16.95,12.11,14.82,14.85,23.69,17.50,20.98,21.03,35.80,25.15,29.30,26.96,,,,,814858000.00,722000000.00,754411920.00,752000500.00,985273220.00,807889260.00,876808370.00,866322000.00,1276515710.00,962144640.00,1080553450.00,1003000000.00,9.7,🟢 優秀,✅ 通過,https://raw.githubusercontent.com/wenchiehlee/GoogleSearch/refs/heads/main/data/md/3711_%E6%97%A5%E6%9C%88%E5%85%89%E6%8A%95%E6%8E%A7_factset_7ecbb728.md,2026-04-22 19:24:09,2026-04-29 21:37:14,2026-04-29 21:37:14,2026-04-29 21:37:14
3711,日月光投控,3711-TW,2026-03-30,21,350.0,,,,,16.95,12.11,14.71,14.45,23.69,15.18,20.74,21.03,35.80,25.15,29.30,26.96,,,,,814858000.00,722000000.00,752909170.00,751337000.00,985273220.00,754244000.00,872771030.00,866322000.00,1276515710.00,962144640.00,1080553450.00,1003000000.00,9.7,🟢 優秀,✅ 通過,https://raw.githubusercontent.com/wenchiehlee/GoogleSearch/refs/heads/main/data/md/3711_%E6%97%A5%E6%9C%88%E5%85%89%E6%8A%95%E6%8E%A7_factset_931a3e13.md,2026-03-30 19:31:03,2026-04-29 21:37:14,2026-04-29 21:37:14,2026-04-29 21:37:14
3711,日月光投控,3711-TW,2026-02-09,20,350.0,,,,,16.95,12.11,14.69,14.53,23.65,15.18,20.61,21.42,25.15,25.15,25.15,25.15,,,,,814858000.00,722090000.00,753645800.00,751584000.00,958891200.00,754244000.00,870305960.00,861200500.00,962144640.00,962144640.00,962144640.00,962144640.00,9.7,🟢 優秀,✅ 通過,https://raw.githubusercontent.com/wenchiehlee/GoogleSearch/refs/heads/main/data/md/3711_%E6%97%A5%E6%9C%88%E5%85%89%E6%8A%95%E6%8E%A7_factset_f636e77f.md,2026-04-28 19:50:54,2026-04-29 21:37:14,2026-04-29 21:37:14,2026-04-29 21:37:14
3711,日月光投控,3711-TW,2026-02-06,21,340.0,,,,,16.95,11.57,14.24,14.23,23.65,15.18,20.02,20.32,25.15,25.00,25.07,25.07,,,,,814858000.00,700690000.00,742043420.00,746158500.00,958891200.00,754244000.00,861527560.00,858750000.00,962144640.00,953000000.00,957572320.00,957572320.00,9.7,🟢 優秀,✅ 通過,https://raw.githubusercontent.com/wenchiehlee/GoogleSearch/refs/heads/main/data/md/3711_%E6%97%A5%E6%9C%88%E5%85%89%E6%8A%95%E6%8E%A7_factset_424c9a7f.md,2026-02-06 19:20:31,2026-04-29 21:37:14,2026-04-29 21:37:14,2026-04-29 21:37:14
3711,日月光投控,3711-TW,2026-02-06,21,340.0,,,,,16.95,11.57,14.24,14.23,23.65,15.18,20.02,20.32,25.15,25.00,25.07,25.07,,,,,814858000.00,700690000.00,742043420.00,746158500.00,958891200.00,754244000.00,861527560.00,858750000.00,962144640.00,953000000.00,957572320.00,957572320.00,9.7,🟢 優秀,✅ 通過,https://raw.githubusercontent.com/wenchiehlee/GoogleSearch/refs/heads/main/data/md/3711_%E6%97%A5%E6%9C%88%E5%85%89%E6%8A%95%E6%8E%A7_factset_60ca92af.md,2026-03-29 19:05:39,2026-04-29 21:37:14,2026-04-29 21:37:14,2026-04-29 21:37:14
3711,日月光投控,3711-TW,2026-01-08,19,260.0,9.42,8.39,8.71,8.70,14.52,10.60,13.21,13.53,20.66,12.48,17.01,16.85,25.00,25.00,25.00,25.00,644588560.00,637351000.00,640179270.00,639973000.00,771099470.00,684996000.00,728367490.00,727917740.00,973518590.00,704224000.00,822958830.00,822472000.00,953000000.00,953000000.00,953000000.00,953000000.00,9.4,🟢 優秀,✅ 通過,https://raw.githubusercontent.com/wenchiehlee/GoogleSearch/refs/heads/main/data/md/3711_%E6%97%A5%E6%9C%88%E5%85%89%E6%8A%95%E6%8E%A7_factset_1543f600.md,2026-01-24 00:18:37,2026-04-29 21:37:14,2026-04-29 21:37:14,2026-04-29 21:37:14
3711,日月光投控,3711-TW,2026-01-07,20,258.0,9.42,7.65,8.65,8.65,14.52,10.60,13.17,13.48,20.66,12.48,16.84,16.81,25.00,25.00,25.00,25.00,644588560.00,637351000.00,640179440.00,639986500.00,771099470.00,684996000.00,730074260.00,728373600.00,973518590.00,704224000.00,825353520.00,822845000.00,953000000.00,953000000.00,953000000.00,953000000.00,9.7,🟢 優秀,✅ 通過,https://raw.githubusercontent.com/wenchiehlee/GoogleSearch/refs/heads/main/data/md/3711_%E6%97%A5%E6%9C%88%E5%85%89%E6%8A%95%E6%8E%A7_factset_10236240.md,2026-01-17 18:47:53,2026-04-29 21:37:14,2026-04-29 21:37:14,2026-04-29 21:37:14
3711,日月光投控,3711-TW,2025-10-31,19,204.5,8.89,7.29,8.15,8.08,14.45,9.15,12.45,12.40,20.11,10.57,16.49,16.69,,,,,642022360.00,624415000.00,635782340.00,635989000.00,777207090.00,662484000.00,719663160.00,726198000.00,966937590.00,651881000.00,825093730.00,824379990.00,,,,,9.4,🟢 優秀,✅ 通過,https://raw.githubusercontent.com/wenchiehlee/GoogleSearch/refs/heads/main/data/md/3711_%E6%97%A5%E6%9C%88%E5%85%89%E6%8A%95%E6%8E%A7_factset_33da1238.md,2026-04-28 19:51:04,2026-04-29 21:37:14,2026-04-29 21:37:14,2026-04-29 21:37:14
4938,和碩,4938-TW,2025-12-01,10,72.0,5.30,3.86,4.82,4.83,6.94,5.01,5.78,5.68,7.67,5.50,6.50,6.27,,,,,1163277620.00,1082560130.00,1110222830.00,1107068000.00,1231290320.00,997761710.00,1148418800.00,1172267170.00,1281618220.00,993919000.00,1187445830.00,1212115100.00,,,,,8.9,🟡 良好,✅ 通過,https://raw.githubusercontent.com/wenchiehlee/GoogleSearch/refs/heads/main/data/md/4938_%E5%92%8C%E7%A2%A9_factset_3db667f5.md,2026-04-26 19:07:33,2026-04-29 21:37:14,2026-04-29 21:37:14,2026-04-29 21:37:14
4938,和碩,4938-TW,2025-11-17,11,73.0,5.43,3.86,4.87,4.90,6.94,5.01,5.82,5.61,7.67,5.50,6.61,6.48,,,,,1163277620.00,1082560130.00,1114571660.00,1107068000.00,1236186780.00,997761710.00,1155659620.00,1172267170.00,1283408060.00,993919000.00,1198533760.00,1217526980.00,,,,,8.9,🟡 良好,✅ 通過,https://raw.githubusercontent.com/wenchiehlee/GoogleSearch/refs/heads/main/data/md/4938_%E5%92%8C%E7%A2%A9_factset_3a7d5745.md,2026-04-28 19:57:33,2026-04-29 21:37:14,2026-04-29 21:37:14,2026-04-29 21:37:14
4938,和碩,4938-TW,2025-08-16,10,79.0,6.23,4.57,5.22,5.14,6.94,5.48,6.38,6.53,8.11,6.00,7.23,7.61,,,,,1176228280.00,1082560000.00,1130685820.00,1136808090.00,1244127590.00,997762000.00,1172213390.00,1181928390.00,1286501090.00,993919000.00,1195987920.00,1225023720.00,,,,,8.9,🟡 良好,✅ 通過,https://raw.githubusercontent.com/wenchiehlee/GoogleSearch/refs/heads/main/data/md/4938_%E5%92%8C%E7%A2%A9_factset_766a12bc.md,2026-04-20 19:21:29,2026-04-29 21:37:14,2026-04-29 21:37:14,2026-04-29 21:37:14
5269,祥碩,5269-TW,2025-11-18,11,2050.0,82.39,66.16,71.69,71.34,118.88,78.37,89.72,87.47,112.36,87.75,103.28,110.44,,,,,13678920.00,13262000.00,13475430.00,13471000.00,16430160.00,14835620.00,15721100.00,15918640.00,18830040.00,16322150.00,17354940.00,17275000.00,,,,,8.9,🟡 良好,✅ 通過,https://raw.githubusercontent.com/wenchiehlee/GoogleSearch/refs/heads/main/data/md/5269_%E7%A5%A5%E7%A2%A9_factset_90b64259.md,2026-04-28 19:47:25,2026-04-29 21:37:14,2026-04-29 21:37:14,2026-04-29 21:37:14
5269,祥碩,5269-TW,2025-11-12,12,2200.0,82.39,63.90,71.79,72.24,118.88,73.67,90.69,90.21,112.36,87.46,105.82,110.31,,,,,13957280.00,13262000.00,13521760.00,13496000.00,16636000.00,14835620.00,15782810.00,16057000.00,18796840.00,16965500.00,17509970.00,17357760.00,,,,,8.9,🟡 良好,✅ 通過,https://raw.githubusercontent.com/wenchiehlee/GoogleSearch/refs/heads/main/data/md/5269_%E7%A5%A5%E7%A2%A9_factset_2c9da550.md,2026-04-28 19:47:35,2026-04-29 21:37:14,2026-04-29 21:37:14,2026-04-29 21:37:14
5274,信驊,5274-TW,2026-04-21,17,,,,,,203.03,137.14,168.65,171.34,300.84,184.02,249.56,254.48,426.08,341.31,395.45,418.96,,,,,16156930.00,12130680.00,14508380.00,14741350.00,26159000.00,15263000.00,20866270.00,21754520.00,36637000.00,26617490.00,31636250.00,31654260.00,8.8,🟡 良好,✅ 通過,https://raw.githubusercontent.com/wenchiehlee/GoogleSearch/refs/heads/main/data/md/5274_%E4%BF%A1%E9%A9%8A_factset_5803c8ee.md,2026-04-28 20:04:21,2026-04-29 21:37:14,2026-04-29 21:37:14,2026-04-29 21:37:14
5274,信驊,5274-TW,2026-03-10,17,,103.92,99.22,101.94,103.41,182.12,137.14,157.64,158.03,266.68,184.02,226.46,226.72,,,,,9085000.00,8978000.00,9073350.00,9085000.00,15229350.00,11781000.00,13448520.00,13445810.00,23288200.00,15263000.00,19033790.00,19328000.00,,,,,8.8,🟡 良好,✅ 通過,https://raw.githubusercontent.com/wenchiehlee/GoogleSearch/refs/heads/main/data/md/5274_%E4%BF%A1%E9%A9%8A_factset_52bf9ff4.md,2026-04-25 19:14:23,2026-04-29 21:37:14,2026-04-29 21:37:14,2026-04-29 21:37:14
5274,信驊,5274-TW,2025-11-25,15,7200.0,101.43,92.12,96.78,97.18,152.29,109.20,133.56,133.67,196.48,141.52,173.62,170.99,,,,,9057800.00,8782000.00,8889990.00,8878060.00,13073660.00,9967000.00,11603840.00,11612230.00,17321150.00,11992000.00,14949770.00,14991500.00,,,,,9.4,🟢 優秀,✅ 通過,https://raw.githubusercontent.com/wenchiehlee/GoogleSearch/refs/heads/main/data/md/5274_%E4%BF%A1%E9%A9%8A_factset_a4d93ba3.md,2026-04-23 19:34:07,2026-04-29 21:37:14,2026-04-29 21:37:14,2026-04-29 21:37:14
5274,信驊,5274-TW,2025-11-25,15,7200.0,101.43,92.12,96.78,97.18,152.29,109.20,133.56,133.67,196.48,141.52,173.62,170.99,,,,,9057800.00,8782000.00,8889990.00,8878060.00,13073660.00,9967000.00,11603840.00,11612230.00,17321150.00,11992000.00,14949770.00,14991500.00,,,,,9.4,🟢 優秀,✅ 通過,https://raw.githubusercontent.com/wenchiehlee/GoogleSearch/refs/heads/main/data/md/5274_%E4%BF%A1%E9%A9%8A_factset_a5a5aff6.md,2026-04-28 20:04:30,2026-04-29 21:37:14,2026-04-29 21:37:14,2026-04-29 21:37:14
5274,信驊,5274-TW,2025-11-17,13,6450.0,101.37,83.57,94.57,96.30,143.53,106.96,127.14,130.81,188.02,150.75,165.90,163.14,,,,,9052080.00,8527000.00,8824510.00,8842080.00,12178380.00,9755000.00,11028240.00,10886720.00,16190440.00,13067320.00,14375880.00,14174550.00,,,,,8.9,🟡 良好,✅ 通過,https://raw.githubusercontent.com/wenchiehlee/GoogleSearch/refs/heads/main/data/md/5274_%E4%BF%A1%E9%A9%8A_factset_716177e1.md,2026-04-21 19:41:20,2026-04-29 21:37:14,2026-04-29 21:37:14,2026-04-29 21:37:14
5274,信驊,5274-TW,2025-10-09,15,6100.0,92.43,83.57,88.54,88.87,134.31,104.30,120.37,122.28,166.04,150.75,159.98,161.92,,,,,8889930.00,8452150.00,8699170.00,8736000.00,11851700.00,9663000.00,10668420.00,10628980.00,14894530.00,13099000.00,13984030.00,14087550.00,,,,,9.4,🟢 優秀,✅ 通過,https://raw.githubusercontent.com/wenchiehlee/GoogleSearch/refs/heads/main/data/md/5274_%E4%BF%A1%E9%A9%8A_factset_af54cd80.md,2026-04-22 19:40:07,2026-04-29 21:37:14,2026-04-29 21:37:14,2026-04-29 21:37:14
6669,緯穎,6669-TW,2026-03-04,20,5950.0,,,,,362.37,294.44,331.11,330.31,469.93,350.58,407.59,405.87,410.26,410.26,410.26,410.26,,,,,1463400000.00,1202940680.00,1306106930.00,1304434960.00,2166480000.00,1502296120.00,1730454110.00,1658195500.00,1730161360.00,1730161360.00,1730161360.00,1730161360.00,9.7,🟢 優秀,✅ 通過,https://raw.githubusercontent.com/wenchiehlee/GoogleSearch/refs/heads/main/data/md/6669_%E7%B7%AF%E7%A9%8E_factset_d7b15333.md,2026-04-27 19:29:13,2026-04-29 21:37:14,2026-04-29 21:37:14,2026-04-29 21:37:14
6669,緯穎,6669-TW,2026-03-02,18,5950.0,,,,,362.37,294.44,326.38,325.86,469.93,350.58,404.60,397.38,410.26,410.26,410.26,410.26,,,,,1463400000.00,1080000000.00,1284471680.00,1275955000.00,2166480000.00,1502296120.00,1722624580.00,1650834340.00,1730161360.00,1730161360.00,1730161360.00,1730161360.00,9.4,🟢 優秀,✅ 通過,https://raw.githubusercontent.com/wenchiehlee/GoogleSearch/refs/heads/main/data/md/6669_%E7%B7%AF%E7%A9%8E_factset_fc7c98d9.md,2026-04-28 19:47:45,2026-04-29 21:37:14,2026-04-29 21:37:14,2026-04-29 21:37:14
6669,緯穎,6669-TW,2026-03-02,18,5950.0,,,,,362.37,294.44,326.38,325.86,469.93,350.58,404.60,397.38,410.26,410.26,410.26,410.26,,,,,1463400000.00,1080000000.00,1284471680.00,1275955000.00,2166480000.00,1502296120.00,1722624580.00,1650834340.00,1730161360.00,1730161360.00,1730161360.00,1730161360.00,9.4,🟢 優秀,✅ 通過,https://raw.githubusercontent.com/wenchiehlee/GoogleSearch/refs/heads/main/data/md/6669_%E7%B7%AF%E7%A9%8E_factset_51601e8f.md,2026-04-25 18:58:58,2026-04-29 21:37:14,2026-04-29 21:37:14,2026-04-29 21:37:14
6669,緯穎,6669-TW,2026-01-09,17,5790.0,284.07,255.60,270.92,271.23,366.93,283.90,320.46,320.45,457.85,342.89,387.46,379.89,,,,,950663310.00,876922000.00,928363530.00,936361000.00,1380417000.00,1080000000.00,1229308360.00,1234232310.00,1867482000.00,1267323000.00,1562024940.00,1536352000.00,,,,,9.4,🟢 優秀,✅ 通過,https://raw.githubusercontent.com/wenchiehlee/GoogleSearch/refs/heads/main/data/md/6669_%E7%B7%AF%E7%A9%8E_factset_0c7d8a1b.md,2026-04-28 19:47:55,2026-04-29 21:37:14,2026-04-29 21:37:14,2026-04-29 21:37:14
9914,美利達,9914-TW,2026-01-17,10,112.0,6.64,5.14,5.73,5.63,8.31,5.09,6.67,6.84,10.03,7.17,8.46,8.43,,,,,28748850.00,26613050.00,27248000.00,26976000.00,31444000.00,24349000.00,28152770.00,28271500.00,34645630.00,25792000.00,29917490.00,30001800.00,,,,,8.9,🟡 良好,✅ 通過,https://raw.githubusercontent.com/wenchiehlee/GoogleSearch/refs/heads/main/data/md/9914_%E7%BE%8E%E5%88%A9%E9%81%94_factset_2654941c.md,2026-04-24 18:53:16,2026-04-29 21:37:14,2026-04-29 21:37:14,2026-04-29 21:37:14
9914,美利達,9914-TW,2025-12-12,11,121.0,6.33,4.95,5.64,5.63,8.31,5.55,6.99,7.08,10.03,7.17,8.70,8.67,,,,,29500000.00,26613050.00,27687670.00,27574000.00,31444000.00,25613000.00,28601930.00,28603830.00,34645630.00,27112000.00,30877820.00,31156000.00,,,,,8.9,🟡 良好,✅ 通過,https://raw.githubusercontent.com/wenchiehlee/GoogleSearch/refs/heads/main/data/md/9914_%E7%BE%8E%E5%88%A9%E9%81%94_factset_41c9088f.md,2026-04-28 20:02:39,2026-04-29 21:37:14,2026-04-29 21:37:14,2026-04-29 21:37:14
9914,美利達,9914-TW,2025-11-17,12,122.5,6.82,4.45,5.77,5.82,9.21,5.55,7.33,7.57,11.21,7.17,8.89,8.64,,,,,29500000.00,27095000.00,28103910.00,28100000.00,31444000.00,25613000.00,29040030.00,29100000.00,34645630.00,27112000.00,31337370.00,31052390.00,,,,,8.9,🟡 良好,✅ 通過,https://raw.githubusercontent.com/wenchiehlee/GoogleSearch/refs/heads/main/data/md/9914_%E7%BE%8E%E5%88%A9%E9%81%94_factset_50c4992e.md,2026-04-28 20:02:35,2026-04-29 21:37:14,2026-04-29 21:37:14,2026-04-29 21:37:14
